Animal_ID,Species,Breed,Age (yrs),Gender,Size,Health Status,Shelter Stay (days),Adoption Status,Vaccinated,Behavior Score (1–10),
ANI1000,Dog,Poodle,5.9,Female,Medium,Healthy,147,Adopted,Yes,5.6,
ANI1001,Other,Guinea Pig,7.3,Male,Small,Healthy,57,Adopted,Yes,4.6,
ANI1002,Cat,Sphynx,8.2,Male,Medium,Healthy,172,Adopted,Yes,8.7,
ANI1003,Cat,Persian,2.5,Male,Medium,Healthy,35,Not Adopted,Yes,4.9,
ANI1004,Dog,Golden Retriever,8.6,Male,Medium,Healthy,114,Not Adopted,No,4.5,
ANI1005,Dog,Bulldog,11,Female,Medium,Healthy,125,Adopted,Yes,7.2,
ANI1006,Dog,Bulldog,8,Female,Medium,Minor Injury,129,Not Adopted,Yes,6.4,
ANI1007,Cat,British Shorthair,14,Male,Small,Healthy,52,Adopted,Yes,2,
ANI1008,Cat,British Shorthair,6.8,Male,Large,Chronic Illness,85,Not Adopted,Yes,5.6,
ANI1009,Cat,British Shorthair,3.7,Female,Medium,Chronic Illness,165,Not Adopted,Yes,7.6,
ANI1010,Dog,Bulldog,7.9,Male,Medium,Healthy,65,Adopted,Yes,9.9,
ANI1011,Other,Guinea Pig,3.6,Male,Small,Healthy,179,Adopted,Yes,6.7,
ANI1012,Cat,British Shorthair,15.6,Male,Medium,Healthy,129,Not Adopted,Yes,4.3,
ANI1013,Dog,Beagle,1.9,Female,Small,Minor Injury,21,Adopted,Yes,3,
ANI1014,Dog,Golden Retriever,5.5,Female,Medium,Healthy,16,Adopted,Yes,8.9,
ANI1015,Dog,German Shepherd,5.1,Male,Large,Healthy,123,Adopted,Yes,8.3,
ANI1016,Dog,Bulldog,11.3,Male,Medium,Healthy,61,Adopted,Yes,3.1,
ANI1017,Dog,Beagle,2.3,Female,Small,Minor Injury,54,Not Adopted,Yes,2.8,
ANI1018,Dog,Golden Retriever,0.6,Female,Small,Minor Injury,168,Not Adopted,Yes,7.4,
ANI1019,Dog,Golden Retriever,3.2,Male,Medium,Healthy,26,Adopted,Yes,3.8,
ANI1020,Cat,Persian,14.9,Female,Small,Healthy,80,Adopted,Yes,3.8,
ANI1021,Dog,Beagle,2.9,Male,Small,Healthy,65,Adopted,Yes,2.4,
ANI1022,Dog,Bulldog,3.3,Male,Medium,Healthy,100,Adopted,Yes,3.4,
ANI1023,Dog,Rottweiler,2,Female,Medium,Minor Injury,74,Not Adopted,No,4.8,
ANI1024,Dog,Poodle,8.7,Male,Small,Healthy,171,Not Adopted,Yes,7.6,
ANI1025,Cat,British Shorthair,1.7,Female,Large,Healthy,17,Adopted,Yes,4,
ANI1026,Dog,Golden Retriever,4.3,Male,Small,Healthy,121,Adopted,Yes,4,
ANI1027,Dog,Golden Retriever,3.7,Male,Large,Minor Injury,23,Not Adopted,Yes,3.6,
ANI1028,Cat,Siamese,10.2,Female,Medium,Minor Injury,135,Adopted,No,5.3,
ANI1029,Dog,Rottweiler,8.9,Male,Large,Healthy,172,Not Adopted,Yes,2.6,
ANI1030,Cat,Persian,9.8,Female,Medium,Minor Injury,71,Not Adopted,Yes,5.4,
ANI1031,Dog,Golden Retriever,11.2,Male,Large,Healthy,108,Adopted,Yes,7.3,
ANI1032,Dog,Golden Retriever,11.4,Male,Large,Healthy,79,Adopted,Yes,1.3,
ANI1033,Cat,Ragdoll,6.8,Male,Small,Healthy,162,Adopted,Yes,1.1,
ANI1034,Other,Guinea Pig,7.9,Female,Large,Healthy,46,Adopted,Yes,1.7,
ANI1035,Cat,Siamese,13.4,Male,Medium,Healthy,78,Not Adopted,Yes,5.8,
ANI1036,Dog,Beagle,10.8,Female,Medium,Chronic Illness,16,Adopted,Yes,8.7,
ANI1037,Dog,German Shepherd,5.7,Male,Medium,Healthy,71,Adopted,No,1,
ANI1038,Cat,Siamese,9.8,Female,Medium,Healthy,96,Adopted,No,9.4,
ANI1039,Dog,Poodle,5.3,Male,Small,Healthy,147,Not Adopted,Yes,2,
ANI1040,Dog,Rottweiler,10.3,Female,Medium,Healthy,2,Adopted,Yes,8.6,
ANI1041,Dog,Rottweiler,3.1,Female,Medium,Chronic Illness,10,Not Adopted,Yes,5.3,
ANI1042,Dog,Rottweiler,3.3,Female,Medium,Healthy,178,Not Adopted,Yes,6.9,
ANI1043,Cat,Sphynx,7,Female,Large,Healthy,125,Not Adopted,No,5.6,
ANI1044,Dog,Poodle,3.1,Female,Medium,Minor Injury,81,Adopted,Yes,5.3,
ANI1045,Cat,Persian,10.3,Female,Medium,Healthy,140,Adopted,Yes,8.5,
ANI1046,Dog,Bulldog,2,Male,Small,Healthy,70,Adopted,Yes,7.8,
ANI1047,Dog,Bulldog,4.2,Male,Small,Healthy,150,Adopted,Yes,5.4,
ANI1048,Dog,Labrador Retriever,11,Female,Small,Healthy,32,Adopted,No,2,
ANI1049,Dog,Rottweiler,5.2,Female,Medium,Chronic Illness,105,Not Adopted,No,2,
ANI1050,Other,Turtle,7.6,Female,Small,Minor Injury,84,Adopted,Yes,8.2,
ANI1051,Cat,Sphynx,2.5,Male,Large,Healthy,129,Not Adopted,Yes,5.8,
ANI1052,Cat,Ragdoll,4.8,Male,Medium,Minor Injury,58,Adopted,No,5.3,
ANI1053,Cat,Bengal,14.6,Male,Medium,Healthy,146,Adopted,No,7.1,
ANI1054,Cat,Sphynx,13.9,Female,Medium,Healthy,134,Adopted,Yes,8.7,
ANI1055,Cat,Ragdoll,7.3,Male,Small,Healthy,45,Adopted,Yes,6.7,
ANI1056,Dog,Beagle,11.5,Male,Medium,Healthy,97,Not Adopted,Yes,7.9,
ANI1057,Dog,Labrador Retriever,11,Male,Medium,Healthy,23,Adopted,Yes,7.9,
ANI1058,Dog,German Shepherd,11.6,Male,Medium,Healthy,23,Not Adopted,No,4.2,
ANI1059,Dog,Labrador Retriever,5.4,Female,Medium,Chronic Illness,154,Not Adopted,Yes,3.5,
ANI1060,Dog,Bulldog,2.8,Male,Large,Healthy,135,Adopted,No,8.2,
ANI1061,Dog,Poodle,7.7,Female,Large,Healthy,79,Adopted,Yes,4.4,
ANI1062,Cat,Sphynx,12.5,Male,Medium,Healthy,44,Adopted,Yes,9.1,
ANI1063,Dog,Bulldog,1.9,Male,Medium,Healthy,27,Adopted,Yes,1.6,
ANI1064,Dog,Bulldog,9.5,Male,Medium,Healthy,26,Adopted,Yes,1.5,
ANI1065,Dog,German Shepherd,0.7,Male,Small,Healthy,97,Adopted,Yes,9.3,
ANI1066,Dog,Rottweiler,6.1,Male,Medium,Minor Injury,36,Adopted,Yes,6.8,
ANI1067,Cat,Bengal,6.3,Male,Small,Healthy,109,Adopted,Yes,4.4,
ANI1068,Dog,German Shepherd,9,Female,Medium,Healthy,55,Not Adopted,Yes,7.8,
ANI1069,Other,Guinea Pig,3.5,Male,Medium,Healthy,69,Adopted,Yes,7.1,
ANI1070,Cat,Ragdoll,15,Female,Small,Healthy,61,Not Adopted,Yes,5.8,
ANI1071,Dog,Beagle,7.3,Female,Large,Healthy,130,Adopted,Yes,1.9,
ANI1072,Dog,Rottweiler,9.6,Female,Large,Minor Injury,55,Not Adopted,Yes,8.3,
ANI1073,Cat,Siamese,17.8,Male,Medium,Healthy,122,Not Adopted,Yes,8.8,
ANI1074,Cat,Persian,12.4,Male,Medium,Healthy,97,Not Adopted,Yes,2.5,
ANI1075,Cat,Ragdoll,17.7,Male,Large,Healthy,80,Adopted,Yes,8.7,
ANI1076,Cat,British Shorthair,1,Male,Small,Healthy,87,Adopted,Yes,8.9,
ANI1077,Dog,Beagle,4.4,Female,Medium,Healthy,38,Not Adopted,Yes,5.9,
ANI1078,Dog,Labrador Retriever,1.7,Male,Small,Minor Injury,119,Not Adopted,Yes,6.9,
ANI1079,Dog,Poodle,3.5,Male,Medium,Healthy,78,Not Adopted,Yes,4.4,
ANI1080,Cat,Ragdoll,15.2,Female,Small,Minor Injury,157,Not Adopted,Yes,3.5,
ANI1081,Cat,Sphynx,1.1,Female,Large,Healthy,154,Adopted,Yes,7.5,
ANI1082,Dog,Beagle,6.5,Female,Large,Minor Injury,35,Not Adopted,Yes,8.8,
ANI1083,Dog,Golden Retriever,7,Male,Small,Healthy,79,Adopted,Yes,6.9,
ANI1084,Dog,Bulldog,7,Male,Medium,Healthy,67,Adopted,Yes,5.6,
ANI1085,Dog,Bulldog,6,Female,Large,Healthy,87,Adopted,Yes,2.4,
ANI1086,Cat,Persian,14.3,Male,Medium,Chronic Illness,157,Not Adopted,Yes,1.5,
ANI1087,Cat,Bengal,2.8,Male,Large,Healthy,34,Adopted,Yes,5,
ANI1088,Cat,Persian,5.9,Male,Medium,Healthy,97,Adopted,Yes,1.4,
ANI1089,Dog,Rottweiler,7.6,Male,Medium,Healthy,169,Adopted,Yes,6.1,
ANI1090,Dog,Poodle,8.4,Male,Small,Minor Injury,169,Not Adopted,Yes,4.4,
ANI1091,Cat,Maine Coon,7.6,Male,Small,Healthy,151,Adopted,Yes,7.8,
ANI1092,Cat,Maine Coon,15.8,Female,Medium,Minor Injury,71,Adopted,Yes,3.8,
ANI1093,Cat,Ragdoll,7.8,Female,Medium,Healthy,3,Adopted,Yes,6.3,
ANI1094,Cat,Sphynx,7.5,Female,Medium,Healthy,58,Adopted,Yes,5.8,
ANI1095,Dog,German Shepherd,0.9,Male,Medium,Healthy,32,Not Adopted,Yes,1,
ANI1096,Dog,German Shepherd,6.8,Male,Medium,Chronic Illness,31,Not Adopted,Yes,1.7,
ANI1097,Dog,Bulldog,8.6,Male,Large,Healthy,82,Adopted,Yes,3.6,
ANI1098,Dog,Beagle,1.8,Female,Large,Chronic Illness,43,Not Adopted,Yes,8.9,
ANI1099,Dog,Labrador Retriever,4,Female,Medium,Healthy,135,Adopted,Yes,2.3,
ANI1100,Dog,Rottweiler,9.5,Male,Large,Healthy,105,Adopted,Yes,7.4,
ANI1101,Cat,Maine Coon,6.9,Female,Medium,Healthy,1,Adopted,Yes,9.8,
ANI1102,Dog,Bulldog,3.3,Male,Medium,Healthy,61,Adopted,Yes,8.1,
ANI1103,Dog,Poodle,8.2,Female,Large,Minor Injury,14,Not Adopted,No,3.2,
ANI1104,Cat,Sphynx,3.9,Female,Small,Chronic Illness,6,Adopted,Yes,9.2,
ANI1105,Dog,Golden Retriever,10.8,Female,Small,Minor Injury,103,Not Adopted,Yes,1.8,
ANI1106,Dog,Labrador Retriever,1.7,Female,Large,Minor Injury,10,Adopted,No,5.2,
ANI1107,Cat,Persian,12.9,Female,Medium,Healthy,71,Adopted,Yes,9,
ANI1108,Dog,German Shepherd,6.2,Male,Large,Healthy,90,Adopted,Yes,6.8,
ANI1109,Dog,Bulldog,10.5,Female,Large,Chronic Illness,158,Adopted,Yes,4.7,
ANI1110,Dog,Poodle,2,Male,Small,Healthy,149,Adopted,Yes,3.6,
ANI1111,Dog,Golden Retriever,8.3,Female,Large,Minor Injury,126,Not Adopted,Yes,4.4,
ANI1112,Cat,British Shorthair,10.5,Female,Medium,Minor Injury,97,Not Adopted,Yes,5.6,
ANI1113,Cat,Persian,8.9,Female,Medium,Healthy,74,Not Adopted,Yes,3.9,
ANI1114,Cat,Maine Coon,9.1,Male,Medium,Chronic Illness,115,Adopted,Yes,9.7,
ANI1115,Cat,Ragdoll,13.1,Female,Large,Healthy,170,Not Adopted,No,9.4,
ANI1116,Cat,Maine Coon,16.9,Female,Small,Healthy,51,Adopted,No,8.8,
ANI1117,Dog,Bulldog,1.5,Female,Medium,Healthy,56,Not Adopted,Yes,4.8,
ANI1118,Cat,Siamese,0.8,Male,Medium,Healthy,41,Adopted,Yes,7.2,
ANI1119,Dog,Golden Retriever,9.8,Male,Medium,Healthy,32,Adopted,Yes,9.1,
ANI1120,Cat,Sphynx,2.4,Male,Medium,Healthy,15,Not Adopted,No,8.7,
ANI1121,Cat,Siamese,17.8,Male,Small,Minor Injury,62,Adopted,Yes,4.7,
ANI1122,Dog,Poodle,7.6,Female,Small,Chronic Illness,155,Adopted,Yes,2,
ANI1123,Dog,German Shepherd,8,Male,Medium,Healthy,28,Adopted,Yes,1.7,
ANI1124,Dog,Golden Retriever,2.8,Female,Large,Healthy,64,Adopted,Yes,6.2,
ANI1125,Dog,Golden Retriever,3.3,Male,Small,Chronic Illness,130,Not Adopted,Yes,6.8,
ANI1126,Cat,Sphynx,12,Male,Small,Healthy,127,Adopted,Yes,8.6,
ANI1127,Cat,Persian,16.4,Female,Large,Healthy,36,Adopted,Yes,3.6,
ANI1128,Dog,Beagle,11.8,Female,Small,Healthy,114,Not Adopted,Yes,2.5,
ANI1129,Dog,Golden Retriever,2.8,Male,Large,Healthy,13,Adopted,Yes,4.4,
ANI1130,Dog,Rottweiler,2,Female,Medium,Healthy,15,Adopted,Yes,4.2,
ANI1131,Dog,German Shepherd,1.1,Female,Large,Chronic Illness,89,Not Adopted,No,2.2,
ANI1132,Dog,Beagle,10.5,Male,Small,Healthy,22,Adopted,No,7.1,
ANI1133,Dog,Beagle,3.9,Female,Small,Healthy,74,Adopted,No,5.6,
ANI1134,Cat,British Shorthair,0.5,Female,Medium,Healthy,25,Adopted,No,7.5,
ANI1135,Dog,Rottweiler,3.1,Female,Large,Healthy,101,Adopted,Yes,4.2,
ANI1136,Dog,Rottweiler,4.4,Male,Medium,Healthy,176,Adopted,Yes,3.9,
ANI1137,Cat,Persian,17.8,Female,Small,Minor Injury,171,Adopted,Yes,5.3,
ANI1138,Dog,Golden Retriever,6.5,Male,Medium,Minor Injury,117,Adopted,No,8.9,
ANI1139,Other,Parrot,2.4,Male,Medium,Healthy,166,Not Adopted,Yes,1.4,
ANI1140,Other,Guinea Pig,3.7,Male,Medium,Chronic Illness,41,Not Adopted,Yes,8.2,
ANI1141,Dog,Labrador Retriever,4.3,Male,Medium,Minor Injury,173,Not Adopted,Yes,4.3,
ANI1142,Dog,Poodle,0.7,Female,Large,Minor Injury,88,Not Adopted,Yes,8.7,
ANI1143,Dog,Poodle,2.1,Female,Medium,Healthy,168,Adopted,Yes,8.2,
ANI1144,Dog,Poodle,8.5,Female,Small,Healthy,110,Adopted,Yes,4.1,
ANI1145,Dog,Bulldog,1.9,Male,Medium,Healthy,120,Adopted,Yes,7.2,
ANI1146,Cat,Ragdoll,4.5,Male,Small,Healthy,97,Not Adopted,Yes,2.4,
ANI1147,Dog,Beagle,4.5,Male,Medium,Healthy,145,Adopted,Yes,9.1,
ANI1148,Dog,German Shepherd,9.2,Female,Medium,Healthy,57,Not Adopted,Yes,4.6,
ANI1149,Dog,Beagle,7.2,Male,Small,Minor Injury,130,Adopted,No,5.1,
ANI1150,Cat,Sphynx,12.6,Female,Medium,Minor Injury,96,Not Adopted,Yes,7.4,
ANI1151,Dog,Golden Retriever,7,Female,Small,Chronic Illness,121,Adopted,Yes,8.4,
ANI1152,Dog,Bulldog,8.4,Male,Large,Healthy,62,Adopted,Yes,3.1,
ANI1153,Dog,Poodle,0.5,Female,Large,Healthy,137,Adopted,Yes,7,
ANI1154,Other,Parrot,9.3,Male,Small,Healthy,68,Adopted,Yes,4.5,
ANI1155,Dog,Labrador Retriever,1.8,Female,Large,Healthy,81,Adopted,Yes,4.3,
ANI1156,Cat,Persian,7.6,Female,Medium,Healthy,17,Adopted,Yes,7.2,
ANI1157,Cat,Maine Coon,14,Male,Small,Healthy,117,Adopted,Yes,4.5,
ANI1158,Dog,German Shepherd,5.5,Male,Small,Healthy,50,Adopted,Yes,4.1,
ANI1159,Cat,Maine Coon,17.1,Female,Medium,Minor Injury,112,Adopted,Yes,8.5,
ANI1160,Dog,Golden Retriever,5.9,Female,Medium,Healthy,94,Adopted,Yes,1.9,
ANI1161,Cat,Bengal,15.8,Male,Medium,Minor Injury,168,Adopted,Yes,7.1,
ANI1162,Cat,Persian,14.7,Female,Small,Healthy,85,Adopted,Yes,3.2,
ANI1163,Dog,Labrador Retriever,11.8,Female,Small,Healthy,149,Not Adopted,No,1.1,
ANI1164,Dog,Poodle,11.2,Female,Medium,Healthy,146,Adopted,Yes,2.5,
ANI1165,Cat,Sphynx,16.2,Male,Small,Healthy,157,Not Adopted,Yes,6.5,
ANI1166,Dog,Golden Retriever,8.9,Female,Small,Healthy,152,Adopted,Yes,7.4,
ANI1167,Dog,Golden Retriever,4.7,Female,Small,Healthy,74,Adopted,Yes,1.2,
ANI1168,Dog,German Shepherd,1.7,Male,Large,Healthy,109,Not Adopted,Yes,1.3,
ANI1169,Cat,British Shorthair,12.6,Male,Large,Healthy,145,Adopted,Yes,9.1,
ANI1170,Cat,British Shorthair,17.6,Female,Medium,Healthy,18,Adopted,Yes,1.7,
ANI1171,Dog,Labrador Retriever,8.9,Male,Large,Chronic Illness,42,Not Adopted,Yes,9,
ANI1172,Dog,German Shepherd,11.2,Female,Medium,Healthy,101,Adopted,Yes,3.1,
ANI1173,Dog,Bulldog,9.7,Male,Medium,Minor Injury,45,Not Adopted,Yes,7.7,
ANI1174,Cat,Ragdoll,3.4,Male,Small,Healthy,82,Not Adopted,Yes,3.8,
ANI1175,Dog,German Shepherd,3.4,Female,Medium,Chronic Illness,17,Adopted,Yes,8.7,
ANI1176,Cat,Persian,6.5,Male,Large,Minor Injury,73,Not Adopted,No,7.3,
ANI1177,Dog,Bulldog,2.4,Female,Medium,Healthy,14,Adopted,Yes,4.6,
ANI1178,Cat,Maine Coon,10.7,Male,Medium,Healthy,177,Not Adopted,Yes,1.7,
ANI1179,Dog,Bulldog,11.7,Female,Medium,Minor Injury,157,Adopted,Yes,7.6,
ANI1180,Dog,Beagle,9.3,Male,Small,Healthy,132,Adopted,Yes,6.6,
ANI1181,Dog,German Shepherd,5.4,Male,Large,Healthy,82,Adopted,Yes,1,
ANI1182,Cat,Persian,0.6,Female,Medium,Healthy,148,Adopted,Yes,1.1,
ANI1183,Cat,Siamese,6,Male,Medium,Minor Injury,120,Not Adopted,Yes,8.3,
ANI1184,Dog,Golden Retriever,6.6,Female,Medium,Minor Injury,120,Not Adopted,Yes,3.3,
ANI1185,Cat,British Shorthair,6.2,Male,Medium,Healthy,47,Adopted,No,6.7,
ANI1186,Cat,Maine Coon,2.4,Female,Small,Healthy,107,Adopted,Yes,5.1,
ANI1187,Cat,Persian,8.2,Male,Medium,Healthy,108,Adopted,Yes,8.8,
ANI1188,Dog,Beagle,3.4,Female,Small,Healthy,9,Adopted,No,9.3,
ANI1189,Dog,Poodle,11,Male,Medium,Chronic Illness,79,Adopted,Yes,10,
ANI1190,Dog,Bulldog,1.7,Male,Large,Healthy,155,Not Adopted,Yes,2.4,
ANI1191,Cat,Bengal,1.4,Male,Large,Healthy,15,Adopted,Yes,8.8,
ANI1192,Cat,Maine Coon,0.6,Male,Medium,Healthy,19,Not Adopted,No,3.4,
ANI1193,Cat,Siamese,6.2,Female,Medium,Minor Injury,90,Not Adopted,Yes,6.3,
ANI1194,Dog,Rottweiler,8.1,Male,Small,Healthy,26,Not Adopted,Yes,5.6,
ANI1195,Dog,German Shepherd,8.9,Female,Medium,Healthy,154,Adopted,Yes,1.2,
ANI1196,Cat,Sphynx,8.4,Male,Small,Healthy,154,Not Adopted,Yes,9.4,
ANI1197,Cat,Ragdoll,12.5,Male,Medium,Healthy,174,Adopted,Yes,1.7,
ANI1198,Cat,Siamese,6.8,Female,Small,Healthy,92,Adopted,Yes,7.2,
ANI1199,Cat,Bengal,12.2,Female,Small,Healthy,177,Adopted,Yes,8.1,
ANI1200,Cat,British Shorthair,1.2,Male,Medium,Healthy,82,Not Adopted,Yes,8.2,
ANI1201,Dog,German Shepherd,5,Male,Small,Chronic Illness,131,Not Adopted,Yes,2.2,
ANI1202,Dog,Rottweiler,9.6,Male,Medium,Minor Injury,42,Adopted,No,5,
ANI1203,Cat,Ragdoll,14.6,Female,Medium,Chronic Illness,19,Adopted,No,8.5,
ANI1204,Cat,Bengal,13,Female,Small,Healthy,17,Not Adopted,Yes,3.7,
ANI1205,Dog,Rottweiler,2.8,Male,Medium,Chronic Illness,161,Not Adopted,Yes,5.2,
ANI1206,Dog,German Shepherd,3.3,Female,Small,Healthy,76,Not Adopted,Yes,3.5,
ANI1207,Cat,Bengal,17.9,Female,Small,Healthy,177,Not Adopted,Yes,5.2,
ANI1208,Dog,Golden Retriever,1.7,Female,Medium,Healthy,63,Adopted,Yes,9,
ANI1209,Dog,Golden Retriever,2.6,Female,Small,Healthy,131,Adopted,Yes,5.1,
ANI1210,Dog,Beagle,2,Male,Large,Healthy,107,Not Adopted,No,6,
ANI1211,Cat,Maine Coon,6.2,Male,Small,Healthy,49,Adopted,Yes,4.6,
ANI1212,Cat,Siamese,4.2,Male,Small,Healthy,55,Adopted,Yes,5.1,
ANI1213,Dog,Poodle,6.2,Male,Medium,Healthy,154,Adopted,Yes,1.1,
ANI1214,Cat,Bengal,8.8,Female,Medium,Healthy,99,Adopted,Yes,3.6,
ANI1215,Dog,Rottweiler,10.9,Female,Small,Healthy,52,Adopted,Yes,4.9,
ANI1216,Dog,Labrador Retriever,0.9,Male,Medium,Healthy,100,Adopted,Yes,6.7,
ANI1217,Cat,Maine Coon,6.1,Male,Small,Minor Injury,117,Adopted,Yes,5.1,
ANI1218,Cat,Maine Coon,10.9,Male,Large,Minor Injury,118,Not Adopted,No,4,
ANI1219,Cat,Persian,11.1,Female,Medium,Healthy,7,Adopted,Yes,4.5,
ANI1220,Cat,British Shorthair,8.9,Male,Medium,Healthy,46,Adopted,No,3.2,
ANI1221,Cat,British Shorthair,14.8,Female,Large,Healthy,46,Adopted,Yes,9.3,
ANI1222,Dog,Labrador Retriever,1.2,Male,Medium,Minor Injury,100,Not Adopted,Yes,5.7,
ANI1223,Dog,Rottweiler,9.9,Male,Large,Healthy,144,Not Adopted,Yes,1.1,
ANI1224,Dog,German Shepherd,6.2,Female,Medium,Healthy,152,Not Adopted,Yes,1.2,
ANI1225,Dog,Rottweiler,2,Female,Large,Healthy,54,Adopted,Yes,9.8,
ANI1226,Other,Turtle,8.9,Male,Small,Healthy,62,Not Adopted,Yes,3,
ANI1227,Dog,Rottweiler,8,Female,Medium,Healthy,129,Adopted,Yes,8.3,
ANI1228,Cat,Maine Coon,3.4,Female,Medium,Minor Injury,49,Not Adopted,Yes,1.5,
ANI1229,Cat,Ragdoll,1.1,Female,Medium,Healthy,25,Adopted,Yes,9.3,
ANI1230,Cat,Siamese,3,Male,Medium,Healthy,10,Adopted,Yes,8.9,
ANI1231,Dog,German Shepherd,7.5,Female,Medium,Minor Injury,118,Not Adopted,Yes,6.1,
ANI1232,Cat,British Shorthair,3.6,Male,Small,Minor Injury,144,Not Adopted,Yes,1.1,
ANI1233,Dog,Poodle,3.1,Female,Small,Healthy,157,Not Adopted,Yes,3.3,
ANI1234,Dog,Poodle,0.8,Male,Medium,Healthy,92,Adopted,No,4.7,
ANI1235,Cat,Sphynx,13.2,Male,Medium,Healthy,134,Adopted,Yes,5.1,
ANI1236,Dog,Poodle,9.8,Male,Large,Chronic Illness,144,Not Adopted,Yes,3.7,
ANI1237,Dog,Rottweiler,9.7,Female,Medium,Healthy,148,Adopted,Yes,1.3,
ANI1238,Cat,British Shorthair,2.7,Male,Large,Chronic Illness,80,Adopted,Yes,6.3,
ANI1239,Dog,Labrador Retriever,10.9,Female,Medium,Healthy,71,Not Adopted,Yes,5.7,
ANI1240,Cat,Maine Coon,12.3,Female,Small,Healthy,78,Adopted,No,3.5,
ANI1241,Other,Rabbit,9,Male,Small,Healthy,43,Not Adopted,No,1.3,
ANI1242,Cat,Sphynx,8.3,Female,Medium,Healthy,154,Adopted,Yes,10,
ANI1243,Dog,Golden Retriever,5.5,Male,Medium,Healthy,90,Not Adopted,Yes,5.3,
ANI1244,Dog,Beagle,9.5,Female,Small,Healthy,78,Adopted,Yes,7.8,
ANI1245,Cat,Persian,2.1,Male,Medium,Healthy,161,Adopted,Yes,5.1,
ANI1246,Dog,Bulldog,6.5,Female,Large,Chronic Illness,26,Not Adopted,Yes,1.4,
ANI1247,Other,Parrot,8.4,Female,Medium,Healthy,121,Adopted,Yes,3.8,
ANI1248,Other,Hamster,8.4,Female,Medium,Minor Injury,45,Adopted,Yes,3.9,
ANI1249,Cat,Maine Coon,17.2,Female,Medium,Healthy,63,Adopted,Yes,8.5,
ANI1250,Dog,Golden Retriever,8.5,Male,Small,Healthy,68,Adopted,Yes,6.9,
ANI1251,Dog,Golden Retriever,2.9,Female,Medium,Healthy,154,Adopted,Yes,3.5,
ANI1252,Cat,Bengal,0.9,Female,Medium,Healthy,2,Adopted,No,9.7,
ANI1253,Dog,Rottweiler,6,Female,Small,Chronic Illness,142,Adopted,Yes,3.9,
ANI1254,Dog,Labrador Retriever,6.4,Male,Medium,Healthy,108,Adopted,No,10,
ANI1255,Cat,British Shorthair,4.7,Female,Medium,Healthy,30,Adopted,Yes,10,
ANI1256,Cat,Siamese,2.7,Female,Large,Healthy,49,Not Adopted,Yes,2.7,
ANI1257,Cat,Persian,10.8,Female,Large,Healthy,140,Adopted,No,3.8,
ANI1258,Cat,Sphynx,13.9,Male,Small,Healthy,44,Adopted,Yes,5.4,
ANI1259,Dog,Beagle,11.9,Female,Medium,Minor Injury,161,Not Adopted,Yes,7,
ANI1260,Cat,Sphynx,13.8,Male,Medium,Minor Injury,13,Not Adopted,Yes,5.8,
ANI1261,Other,Rabbit,8,Female,Large,Healthy,78,Adopted,Yes,9.7,
ANI1262,Dog,Poodle,7.6,Male,Small,Healthy,126,Adopted,Yes,7.5,
ANI1263,Dog,Bulldog,11.8,Female,Medium,Healthy,98,Adopted,No,2.9,
ANI1264,Cat,Ragdoll,11.7,Female,Medium,Healthy,26,Adopted,No,1.9,
ANI1265,Cat,British Shorthair,15.6,Male,Small,Healthy,149,Adopted,No,7.2,
ANI1266,Cat,Sphynx,17.1,Female,Small,Healthy,156,Not Adopted,Yes,2.4,
ANI1267,Cat,Bengal,16.8,Male,Medium,Healthy,48,Adopted,Yes,8.1,
ANI1268,Dog,Labrador Retriever,4.9,Female,Medium,Healthy,168,Not Adopted,Yes,3.8,
ANI1269,Dog,Beagle,1.4,Female,Medium,Healthy,66,Adopted,No,3.9,
ANI1270,Cat,Persian,3.5,Female,Medium,Healthy,87,Adopted,Yes,1.1,
ANI1271,Cat,Bengal,1.5,Female,Medium,Healthy,79,Adopted,Yes,7.3,
ANI1272,Cat,Persian,2.3,Female,Medium,Healthy,23,Not Adopted,Yes,2,
ANI1273,Cat,Persian,3.7,Male,Small,Minor Injury,81,Not Adopted,Yes,8,
ANI1274,Dog,German Shepherd,4.4,Male,Large,Healthy,48,Adopted,Yes,5.4,
ANI1275,Dog,Rottweiler,6.8,Female,Small,Healthy,124,Adopted,No,8.1,
ANI1276,Cat,Ragdoll,13,Female,Medium,Healthy,130,Adopted,No,6.3,
ANI1277,Cat,Ragdoll,4.2,Female,Small,Minor Injury,84,Not Adopted,Yes,1.7,
ANI1278,Cat,Ragdoll,12.3,Female,Small,Healthy,20,Adopted,Yes,7.9,
ANI1279,Cat,Maine Coon,12.8,Male,Medium,Healthy,46,Adopted,No,1.6,
ANI1280,Cat,Siamese,10.3,Female,Small,Healthy,131,Not Adopted,Yes,5.3,
ANI1281,Dog,Beagle,10.9,Male,Large,Minor Injury,12,Not Adopted,Yes,2.6,
ANI1282,Dog,Beagle,1.8,Female,Small,Chronic Illness,40,Not Adopted,Yes,7.8,
ANI1283,Dog,Beagle,2.5,Male,Medium,Healthy,66,Adopted,Yes,9.2,
ANI1284,Cat,Ragdoll,8,Male,Medium,Minor Injury,100,Not Adopted,Yes,6,
ANI1285,Dog,Rottweiler,2,Male,Small,Chronic Illness,78,Adopted,Yes,5.7,
ANI1286,Dog,Poodle,7,Male,Small,Chronic Illness,16,Adopted,Yes,7.9,
ANI1287,Dog,Rottweiler,5.1,Female,Medium,Healthy,83,Adopted,Yes,1,
ANI1288,Dog,German Shepherd,3.8,Male,Medium,Healthy,162,Adopted,No,9.3,
ANI1289,Cat,British Shorthair,3.5,Male,Medium,Healthy,44,Adopted,Yes,2.8,
ANI1290,Dog,Labrador Retriever,4.4,Male,Medium,Minor Injury,134,Adopted,Yes,9.9,
ANI1291,Dog,Poodle,7.5,Male,Medium,Healthy,100,Not Adopted,Yes,7.6,
ANI1292,Cat,Sphynx,10.6,Male,Small,Healthy,22,Adopted,Yes,8,
ANI1293,Dog,Labrador Retriever,2.4,Male,Medium,Healthy,18,Adopted,Yes,6.9,
ANI1294,Dog,Poodle,1.9,Female,Large,Minor Injury,12,Not Adopted,No,5.2,
ANI1295,Dog,Bulldog,0.8,Female,Medium,Minor Injury,123,Adopted,Yes,6.1,
ANI1296,Cat,Maine Coon,0.7,Female,Medium,Healthy,117,Not Adopted,Yes,1.4,
ANI1297,Dog,Poodle,10.6,Male,Medium,Minor Injury,51,Adopted,Yes,6.6,
ANI1298,Cat,Bengal,1.3,Male,Medium,Healthy,71,Adopted,Yes,6.6,
ANI1299,Dog,German Shepherd,8.9,Female,Medium,Minor Injury,48,Adopted,Yes,9,
ANI1300,Dog,Bulldog,10.5,Female,Medium,Healthy,19,Not Adopted,No,5.6,
ANI1301,Dog,German Shepherd,1.6,Male,Large,Healthy,6,Adopted,No,1.7,
ANI1302,Dog,Poodle,5.5,Male,Small,Chronic Illness,84,Not Adopted,Yes,3.8,
ANI1303,Cat,Siamese,17.3,Male,Small,Healthy,155,Adopted,No,6.9,
ANI1304,Cat,Bengal,15.1,Male,Medium,Minor Injury,53,Not Adopted,Yes,3.2,
ANI1305,Other,Parrot,5.2,Male,Large,Healthy,107,Adopted,Yes,3.5,
ANI1306,Dog,Labrador Retriever,9.3,Female,Small,Healthy,101,Adopted,Yes,8.4,
ANI1307,Dog,Labrador Retriever,10.1,Female,Small,Healthy,48,Adopted,Yes,6.3,
ANI1308,Cat,Maine Coon,6.6,Female,Small,Healthy,135,Not Adopted,Yes,5.6,
ANI1309,Dog,Beagle,10.8,Female,Small,Healthy,69,Not Adopted,No,3.9,
ANI1310,Dog,Labrador Retriever,5.9,Female,Medium,Healthy,11,Adopted,Yes,7.6,
ANI1311,Dog,Poodle,6.6,Female,Medium,Healthy,143,Adopted,Yes,3.6,
ANI1312,Dog,Beagle,12,Female,Medium,Healthy,131,Adopted,Yes,7.6,
ANI1313,Other,Guinea Pig,8.5,Male,Medium,Chronic Illness,122,Not Adopted,Yes,1.6,
ANI1314,Cat,Bengal,6.8,Male,Small,Chronic Illness,69,Adopted,Yes,8.8,
ANI1315,Cat,Bengal,0.7,Male,Small,Healthy,23,Adopted,Yes,5.5,
ANI1316,Dog,Beagle,7.7,Female,Medium,Minor Injury,37,Adopted,Yes,4.9,
ANI1317,Dog,Beagle,8.6,Female,Large,Healthy,9,Adopted,Yes,6.5,
ANI1318,Dog,Beagle,8,Male,Large,Healthy,15,Not Adopted,Yes,6.6,
ANI1319,Dog,Beagle,11.6,Female,Small,Minor Injury,131,Adopted,Yes,2.2,
ANI1320,Dog,German Shepherd,10.4,Male,Large,Chronic Illness,93,Not Adopted,Yes,7.8,
ANI1321,Cat,British Shorthair,8.4,Female,Medium,Healthy,17,Adopted,Yes,3.5,
ANI1322,Cat,Sphynx,1.6,Male,Medium,Minor Injury,154,Not Adopted,Yes,9.1,
ANI1323,Dog,Rottweiler,6,Male,Medium,Healthy,149,Not Adopted,Yes,8.4,
ANI1324,Other,Turtle,7,Male,Medium,Chronic Illness,72,Not Adopted,Yes,4.1,
ANI1325,Cat,Ragdoll,11.1,Male,Medium,Healthy,149,Adopted,No,8.3,
ANI1326,Cat,British Shorthair,9.9,Male,Small,Healthy,121,Adopted,Yes,4.2,
ANI1327,Cat,Bengal,8.7,Male,Small,Healthy,11,Adopted,No,1.9,
ANI1328,Dog,Labrador Retriever,3.9,Female,Small,Healthy,166,Not Adopted,Yes,9.7,
ANI1329,Dog,German Shepherd,3.7,Female,Medium,Healthy,72,Not Adopted,Yes,6.9,
ANI1330,Dog,German Shepherd,6.3,Male,Medium,Chronic Illness,106,Adopted,Yes,5.1,
ANI1331,Cat,Ragdoll,3.3,Female,Medium,Healthy,125,Adopted,No,4.6,
ANI1332,Dog,Beagle,4.4,Female,Small,Healthy,35,Adopted,Yes,3.9,
ANI1333,Dog,Bulldog,4.2,Male,Large,Healthy,119,Adopted,Yes,9.8,
ANI1334,Dog,Labrador Retriever,7.3,Male,Large,Healthy,14,Not Adopted,No,2.2,
ANI1335,Dog,Bulldog,1.3,Male,Medium,Healthy,14,Adopted,Yes,3.8,
ANI1336,Cat,Sphynx,15,Male,Large,Healthy,10,Adopted,Yes,5.4,
ANI1337,Cat,Sphynx,10.3,Female,Medium,Healthy,140,Adopted,Yes,5.3,
ANI1338,Dog,Golden Retriever,8.2,Male,Large,Healthy,38,Adopted,Yes,5.2,
ANI1339,Dog,Bulldog,8.6,Female,Small,Healthy,108,Not Adopted,Yes,2.6,
ANI1340,Dog,Poodle,3.9,Female,Medium,Minor Injury,119,Not Adopted,Yes,2.3,
ANI1341,Dog,Bulldog,5.9,Male,Small,Minor Injury,34,Not Adopted,Yes,3.3,
ANI1342,Dog,German Shepherd,11.5,Female,Small,Healthy,169,Not Adopted,Yes,9.2,
ANI1343,Dog,Labrador Retriever,9.3,Male,Small,Healthy,10,Adopted,No,2,
ANI1344,Dog,Rottweiler,11.6,Female,Medium,Healthy,122,Adopted,No,7.8,
ANI1345,Cat,Ragdoll,13.6,Male,Medium,Healthy,145,Not Adopted,Yes,7.8,
ANI1346,Cat,Maine Coon,3.6,Female,Medium,Healthy,145,Not Adopted,Yes,8.3,
ANI1347,Dog,Labrador Retriever,1.2,Female,Small,Healthy,115,Not Adopted,Yes,9,
ANI1348,Dog,Labrador Retriever,7.1,Male,Large,Healthy,1,Adopted,Yes,3.4,
ANI1349,Cat,British Shorthair,6.8,Female,Medium,Healthy,12,Not Adopted,Yes,3,
ANI1350,Dog,German Shepherd,3.7,Female,Medium,Healthy,103,Adopted,Yes,5.2,
ANI1351,Cat,Siamese,14.6,Female,Medium,Minor Injury,4,Not Adopted,Yes,3.4,
ANI1352,Cat,Siamese,6.9,Female,Small,Chronic Illness,170,Not Adopted,Yes,7.6,
ANI1353,Dog,Poodle,4.1,Female,Medium,Healthy,141,Adopted,Yes,6.7,
ANI1354,Dog,Bulldog,10.3,Male,Large,Healthy,98,Not Adopted,No,8.9,
ANI1355,Cat,Persian,15.3,Male,Small,Minor Injury,106,Not Adopted,Yes,1.7,
ANI1356,Dog,Bulldog,4.6,Female,Medium,Chronic Illness,85,Not Adopted,Yes,9.2,
ANI1357,Cat,Bengal,15.1,Male,Large,Healthy,121,Adopted,Yes,3.6,
ANI1358,Cat,Siamese,15.4,Female,Medium,Healthy,132,Not Adopted,Yes,5.4,
ANI1359,Cat,Bengal,7.9,Female,Small,Healthy,82,Adopted,Yes,4.9,
ANI1360,Dog,Labrador Retriever,1.3,Male,Small,Healthy,19,Adopted,Yes,7.8,
ANI1361,Cat,Persian,0.5,Male,Small,Healthy,130,Adopted,Yes,4.8,
ANI1362,Dog,Beagle,6.5,Female,Medium,Healthy,12,Adopted,Yes,9.5,
ANI1363,Dog,Golden Retriever,4.5,Male,Medium,Healthy,81,Adopted,Yes,9.1,
ANI1364,Cat,Ragdoll,17.9,Female,Small,Healthy,74,Adopted,Yes,8.8,
ANI1365,Dog,Bulldog,9.4,Male,Large,Minor Injury,98,Adopted,No,1.6,
ANI1366,Other,Guinea Pig,7.7,Female,Medium,Healthy,6,Adopted,Yes,8.7,
ANI1367,Cat,Ragdoll,17.2,Male,Small,Healthy,136,Adopted,Yes,8,
ANI1368,Dog,Poodle,10.7,Female,Medium,Healthy,125,Not Adopted,No,1.9,
ANI1369,Dog,Rottweiler,4.2,Male,Medium,Healthy,51,Adopted,Yes,2,
ANI1370,Dog,Beagle,2.4,Female,Small,Chronic Illness,11,Adopted,Yes,1.9,
ANI1371,Dog,Poodle,9.1,Male,Small,Healthy,127,Adopted,Yes,1.1,
ANI1372,Dog,Beagle,4.9,Female,Large,Healthy,140,Adopted,Yes,5.9,
ANI1373,Cat,Persian,8.8,Female,Medium,Minor Injury,73,Adopted,Yes,9.8,
ANI1374,Dog,Rottweiler,7.7,Male,Medium,Healthy,2,Adopted,Yes,4.9,
ANI1375,Dog,Bulldog,10.9,Male,Medium,Chronic Illness,8,Not Adopted,No,5.9,
ANI1376,Cat,Sphynx,7.8,Male,Small,Healthy,139,Adopted,No,9.7,
ANI1377,Dog,Golden Retriever,9.5,Female,Small,Healthy,124,Not Adopted,Yes,3.3,
ANI1378,Cat,Ragdoll,5.2,Female,Medium,Healthy,53,Adopted,Yes,8.7,
ANI1379,Dog,Rottweiler,8.5,Female,Small,Healthy,10,Adopted,Yes,5.9,
ANI1380,Dog,Golden Retriever,0.5,Male,Small,Minor Injury,112,Adopted,Yes,6.1,
ANI1381,Cat,Persian,15.8,Male,Large,Minor Injury,8,Not Adopted,Yes,4.1,
ANI1382,Cat,Persian,1,Female,Large,Healthy,36,Adopted,Yes,6.1,
ANI1383,Cat,Siamese,13,Male,Medium,Healthy,106,Adopted,No,1.7,
ANI1384,Cat,Ragdoll,1.3,Female,Large,Minor Injury,14,Adopted,No,7.9,
ANI1385,Cat,Siamese,5.2,Male,Small,Chronic Illness,86,Not Adopted,Yes,3.6,
ANI1386,Dog,Rottweiler,6.2,Female,Large,Healthy,149,Adopted,Yes,9,
ANI1387,Dog,Golden Retriever,5.3,Male,Small,Healthy,50,Adopted,Yes,4.3,
ANI1388,Cat,Bengal,3.9,Male,Large,Healthy,167,Adopted,Yes,2.3,
ANI1389,Cat,Siamese,6.3,Female,Large,Minor Injury,20,Not Adopted,Yes,7.3,
ANI1390,Other,Rabbit,7.4,Female,Medium,Healthy,87,Not Adopted,Yes,2.5,
ANI1391,Dog,Poodle,8.2,Female,Large,Healthy,135,Adopted,Yes,7.8,
ANI1392,Dog,Golden Retriever,1.3,Male,Medium,Minor Injury,137,Adopted,Yes,9.7,
ANI1393,Cat,Sphynx,13.6,Male,Small,Healthy,129,Not Adopted,Yes,8,
ANI1394,Dog,Rottweiler,1.1,Female,Medium,Healthy,154,Not Adopted,Yes,1.2,
ANI1395,Cat,British Shorthair,10,Female,Medium,Healthy,166,Adopted,Yes,6.4,
ANI1396,Cat,Persian,5.1,Male,Small,Healthy,38,Adopted,Yes,7.3,
ANI1397,Dog,Beagle,7.3,Male,Medium,Healthy,44,Adopted,Yes,8.4,
ANI1398,Cat,British Shorthair,5.1,Male,Large,Healthy,86,Adopted,No,1.5,
ANI1399,Cat,Bengal,17.7,Female,Small,Healthy,44,Not Adopted,Yes,5.3,
ANI1400,Dog,Poodle,4.1,Male,Medium,Healthy,74,Adopted,Yes,5.8,
ANI1401,Cat,Bengal,4.7,Male,Large,Minor Injury,119,Adopted,Yes,2.5,
ANI1402,Dog,Rottweiler,3.7,Male,Large,Minor Injury,122,Not Adopted,Yes,3.9,
ANI1403,Cat,Bengal,16.2,Male,Large,Healthy,134,Adopted,Yes,5,
ANI1404,Dog,Rottweiler,7.8,Male,Medium,Healthy,145,Adopted,Yes,8.5,
ANI1405,Cat,Ragdoll,13.3,Female,Large,Healthy,51,Adopted,Yes,9.4,
ANI1406,Dog,Poodle,11.1,Male,Medium,Healthy,38,Not Adopted,Yes,6.7,
ANI1407,Dog,Beagle,11,Female,Small,Healthy,152,Not Adopted,Yes,4.6,
ANI1408,Cat,Bengal,13.4,Male,Medium,Healthy,51,Not Adopted,Yes,3.3,
ANI1409,Dog,Golden Retriever,2.8,Female,Medium,Healthy,10,Adopted,Yes,9.8,
ANI1410,Dog,Beagle,10.2,Female,Small,Healthy,120,Adopted,Yes,9.8,
ANI1411,Other,Guinea Pig,2.4,Female,Medium,Healthy,149,Adopted,Yes,9.3,
ANI1412,Other,Rabbit,7.6,Female,Medium,Healthy,70,Not Adopted,Yes,8.1,
ANI1413,Cat,British Shorthair,12.5,Male,Small,Healthy,85,Adopted,Yes,3.9,
ANI1414,Cat,Sphynx,13.8,Male,Medium,Healthy,57,Adopted,No,8.4,
ANI1415,Dog,German Shepherd,6.6,Female,Medium,Healthy,126,Not Adopted,Yes,4.7,
ANI1416,Dog,Golden Retriever,7.8,Female,Medium,Minor Injury,39,Adopted,No,3.9,
ANI1417,Dog,Rottweiler,11.5,Female,Small,Minor Injury,33,Not Adopted,No,7.7,
ANI1418,Cat,Sphynx,2.3,Female,Small,Healthy,18,Adopted,Yes,1.7,
ANI1419,Cat,Ragdoll,5.9,Female,Medium,Healthy,57,Adopted,Yes,1.4,
ANI1420,Cat,Ragdoll,11.2,Male,Large,Healthy,96,Not Adopted,Yes,5,
ANI1421,Cat,Maine Coon,17.4,Male,Small,Healthy,48,Adopted,No,5,
ANI1422,Dog,German Shepherd,1.6,Female,Medium,Healthy,42,Adopted,Yes,9.1,
ANI1423,Dog,Beagle,0.8,Female,Small,Minor Injury,27,Not Adopted,Yes,2.1,
ANI1424,Dog,Beagle,1.1,Male,Medium,Healthy,74,Not Adopted,Yes,2.1,
ANI1425,Dog,Bulldog,1.1,Female,Large,Minor Injury,110,Not Adopted,Yes,2.3,
ANI1426,Dog,Labrador Retriever,10.9,Male,Medium,Healthy,170,Not Adopted,Yes,1.3,
ANI1427,Cat,Ragdoll,13.1,Female,Small,Healthy,32,Not Adopted,Yes,1.6,
ANI1428,Dog,Beagle,8.3,Male,Medium,Minor Injury,26,Adopted,Yes,6.9,
ANI1429,Dog,Beagle,6.5,Male,Small,Healthy,25,Not Adopted,No,4.9,
ANI1430,Dog,Rottweiler,9.5,Female,Medium,Healthy,75,Not Adopted,Yes,7.9,
ANI1431,Cat,British Shorthair,3.2,Male,Medium,Healthy,23,Adopted,Yes,9.9,
ANI1432,Cat,Sphynx,7.4,Female,Small,Healthy,57,Adopted,Yes,6.9,
ANI1433,Dog,German Shepherd,6.1,Female,Small,Chronic Illness,126,Not Adopted,Yes,1.5,
ANI1434,Dog,Labrador Retriever,1.8,Female,Medium,Healthy,87,Not Adopted,Yes,1.9,
ANI1435,Cat,Sphynx,7.8,Male,Large,Chronic Illness,31,Not Adopted,Yes,8.9,
ANI1436,Dog,Golden Retriever,4.1,Male,Large,Chronic Illness,64,Not Adopted,Yes,5.7,
ANI1437,Cat,Ragdoll,1.1,Male,Small,Minor Injury,33,Adopted,Yes,8.4,
ANI1438,Cat,Bengal,2.9,Female,Medium,Healthy,2,Adopted,Yes,8.7,
ANI1439,Dog,Rottweiler,9.3,Female,Medium,Healthy,18,Adopted,Yes,9.3,
ANI1440,Dog,Golden Retriever,0.7,Female,Medium,Minor Injury,175,Adopted,Yes,9.5,
ANI1441,Other,Guinea Pig,9.4,Female,Medium,Healthy,161,Not Adopted,Yes,6,
ANI1442,Dog,Rottweiler,1.5,Female,Large,Healthy,84,Adopted,Yes,4.1,
ANI1443,Dog,German Shepherd,9.7,Female,Large,Healthy,35,Adopted,Yes,9.7,
ANI1444,Cat,British Shorthair,16.2,Male,Medium,Healthy,179,Adopted,Yes,5.9,
ANI1445,Cat,Persian,17,Female,Medium,Healthy,114,Not Adopted,Yes,1.6,
ANI1446,Other,Rabbit,8.7,Male,Medium,Healthy,146,Adopted,No,6.8,
ANI1447,Cat,Ragdoll,5.5,Female,Small,Healthy,110,Adopted,No,6.3,
ANI1448,Dog,Golden Retriever,4.3,Female,Medium,Minor Injury,88,Adopted,Yes,9.1,
ANI1449,Dog,Bulldog,5.4,Female,Medium,Healthy,72,Adopted,Yes,6.9,
ANI1450,Cat,Siamese,2.9,Male,Medium,Chronic Illness,125,Not Adopted,Yes,4.1,
ANI1451,Cat,Ragdoll,0.9,Male,Small,Healthy,30,Adopted,Yes,9.7,
ANI1452,Dog,German Shepherd,10.5,Male,Small,Minor Injury,172,Adopted,Yes,8.2,
ANI1453,Cat,Persian,10.2,Male,Large,Healthy,53,Adopted,Yes,6.7,
ANI1454,Dog,Beagle,7.5,Male,Small,Minor Injury,138,Not Adopted,Yes,3.6,
ANI1455,Dog,Beagle,11.2,Female,Medium,Healthy,87,Adopted,Yes,4.4,
ANI1456,Dog,Bulldog,8.1,Female,Small,Minor Injury,177,Not Adopted,Yes,7,
ANI1457,Dog,German Shepherd,8.4,Male,Small,Healthy,139,Not Adopted,Yes,1.6,
ANI1458,Dog,Poodle,9.6,Male,Small,Minor Injury,164,Adopted,Yes,3.3,
ANI1459,Dog,Bulldog,1.8,Male,Small,Chronic Illness,161,Adopted,Yes,7.4,
ANI1460,Dog,Rottweiler,4.6,Female,Large,Healthy,175,Not Adopted,Yes,5.3,
ANI1461,Cat,British Shorthair,17.4,Female,Small,Healthy,13,Not Adopted,Yes,4.6,
ANI1462,Cat,Maine Coon,16.7,Female,Large,Minor Injury,40,Not Adopted,Yes,2.4,
ANI1463,Cat,Sphynx,16,Male,Medium,Healthy,89,Adopted,Yes,5,
ANI1464,Other,Guinea Pig,4.8,Female,Medium,Minor Injury,68,Adopted,Yes,7.9,
ANI1465,Dog,German Shepherd,10.4,Female,Medium,Healthy,42,Adopted,Yes,3.4,
ANI1466,Dog,Bulldog,1.1,Male,Medium,Healthy,147,Adopted,Yes,1,
ANI1467,Cat,Ragdoll,3.1,Female,Medium,Chronic Illness,94,Adopted,No,7,
ANI1468,Dog,Bulldog,5.3,Male,Small,Healthy,19,Adopted,Yes,9.8,
ANI1469,Other,Turtle,5.1,Female,Medium,Minor Injury,23,Adopted,Yes,6.5,
ANI1470,Dog,Bulldog,3.5,Male,Large,Healthy,54,Not Adopted,Yes,2.1,
ANI1471,Other,Hamster,3.9,Female,Large,Healthy,65,Not Adopted,Yes,3.9,
ANI1472,Dog,Poodle,2.4,Female,Large,Healthy,140,Adopted,Yes,8.8,
ANI1473,Cat,Persian,9.1,Female,Medium,Healthy,24,Not Adopted,Yes,3.1,
ANI1474,Dog,Labrador Retriever,9.6,Female,Medium,Healthy,34,Adopted,Yes,6.5,
ANI1475,Other,Hamster,6.8,Male,Medium,Healthy,53,Not Adopted,Yes,4.6,
ANI1476,Dog,Rottweiler,1.7,Male,Medium,Healthy,136,Adopted,Yes,2.9,
ANI1477,Cat,Siamese,9,Male,Small,Healthy,18,Adopted,No,8.3,
ANI1478,Other,Turtle,7.1,Male,Medium,Minor Injury,57,Adopted,Yes,7.7,
ANI1479,Dog,Poodle,6.6,Female,Small,Healthy,112,Adopted,Yes,7,
ANI1480,Cat,Ragdoll,7.4,Male,Medium,Healthy,5,Not Adopted,Yes,3.1,
ANI1481,Cat,Maine Coon,11.4,Female,Large,Healthy,154,Adopted,Yes,1.9,
ANI1482,Dog,Golden Retriever,11.6,Female,Small,Healthy,158,Adopted,Yes,6.2,
ANI1483,Cat,Persian,2.2,Female,Small,Minor Injury,13,Adopted,Yes,6,
ANI1484,Cat,Maine Coon,7.3,Male,Small,Healthy,83,Adopted,No,2.7,
ANI1485,Cat,Maine Coon,7.6,Female,Large,Healthy,29,Adopted,Yes,1.5,
ANI1486,Dog,Labrador Retriever,7.1,Female,Medium,Healthy,3,Not Adopted,Yes,1.7,
ANI1487,Dog,Beagle,2.3,Male,Medium,Healthy,90,Adopted,Yes,9.9,
ANI1488,Other,Rabbit,2.2,Female,Large,Minor Injury,104,Not Adopted,Yes,8.1,
ANI1489,Cat,British Shorthair,5.5,Female,Large,Healthy,123,Not Adopted,Yes,9.3,
ANI1490,Dog,Golden Retriever,11.5,Male,Medium,Minor Injury,76,Adopted,Yes,2.8,
ANI1491,Cat,Ragdoll,13.3,Female,Medium,Healthy,130,Adopted,Yes,9.6,
ANI1492,Dog,Golden Retriever,8.1,Male,Medium,Healthy,108,Adopted,Yes,2.3,
ANI1493,Dog,Bulldog,9.9,Male,Medium,Chronic Illness,156,Not Adopted,Yes,5.6,
ANI1494,Dog,Rottweiler,2,Male,Small,Healthy,82,Adopted,No,8.5,
ANI1495,Dog,Rottweiler,10.4,Male,Large,Healthy,77,Not Adopted,Yes,4.1,
ANI1496,Cat,Bengal,10.9,Male,Medium,Healthy,2,Adopted,Yes,4.8,
ANI1497,Dog,Bulldog,4.4,Male,Small,Healthy,127,Not Adopted,Yes,2.2,
ANI1498,Other,Hamster,8.3,Female,Medium,Healthy,135,Not Adopted,Yes,2.1,
ANI1499,Other,Turtle,8.1,Female,Small,Healthy,26,Not Adopted,Yes,6.6,
ANI1500,Cat,British Shorthair,15.3,Female,Small,Healthy,88,Not Adopted,Yes,7.1,
ANI1501,Dog,Poodle,1.8,Male,Medium,Healthy,16,Adopted,No,8,
ANI1502,Dog,Rottweiler,11.6,Male,Small,Healthy,151,Adopted,Yes,6,
ANI1503,Cat,British Shorthair,17.3,Female,Medium,Healthy,168,Adopted,Yes,6.8,
ANI1504,Cat,Sphynx,6.8,Male,Medium,Healthy,73,Adopted,Yes,1.1,
ANI1505,Dog,German Shepherd,1.3,Male,Small,Healthy,32,Adopted,Yes,2.5,
ANI1506,Cat,Siamese,3.4,Female,Large,Chronic Illness,15,Adopted,Yes,9.9,
ANI1507,Cat,Bengal,17.9,Male,Small,Healthy,141,Not Adopted,Yes,1.7,
ANI1508,Cat,Maine Coon,10.4,Female,Medium,Minor Injury,5,Not Adopted,Yes,7.1,
ANI1509,Cat,British Shorthair,6.7,Female,Medium,Healthy,74,Not Adopted,Yes,2.6,
ANI1510,Cat,Persian,5.5,Male,Small,Healthy,52,Adopted,No,7.5,
ANI1511,Dog,Golden Retriever,3.5,Male,Small,Healthy,77,Adopted,Yes,7.4,
ANI1512,Cat,Maine Coon,12.1,Female,Medium,Healthy,169,Adopted,Yes,3.1,
ANI1513,Cat,Siamese,7.8,Male,Large,Healthy,110,Adopted,No,3.4,
ANI1514,Dog,German Shepherd,11.6,Male,Small,Healthy,178,Not Adopted,Yes,6.9,
ANI1515,Dog,Beagle,8.4,Female,Medium,Healthy,143,Adopted,Yes,4.5,
ANI1516,Dog,Beagle,9.6,Male,Medium,Chronic Illness,106,Not Adopted,No,2.8,
ANI1517,Cat,Siamese,5.6,Female,Large,Healthy,127,Not Adopted,Yes,7.6,
ANI1518,Other,Guinea Pig,1.3,Female,Medium,Healthy,7,Not Adopted,Yes,2.4,
ANI1519,Dog,Poodle,6.1,Male,Medium,Minor Injury,40,Adopted,Yes,8.7,
ANI1520,Cat,Persian,6,Male,Medium,Healthy,156,Not Adopted,Yes,5.6,
ANI1521,Dog,German Shepherd,2.8,Male,Medium,Healthy,160,Adopted,Yes,2,
ANI1522,Other,Turtle,9.6,Male,Large,Healthy,99,Adopted,Yes,7.2,
ANI1523,Cat,Sphynx,8.3,Male,Small,Chronic Illness,143,Adopted,Yes,5.7,
ANI1524,Cat,Siamese,3.6,Female,Medium,Minor Injury,85,Not Adopted,Yes,3.7,
ANI1525,Dog,Poodle,2.8,Male,Large,Healthy,65,Adopted,Yes,4.8,
ANI1526,Dog,German Shepherd,3.7,Female,Large,Healthy,132,Adopted,Yes,3.7,
ANI1527,Dog,Poodle,12,Female,Large,Chronic Illness,11,Not Adopted,No,3.4,
ANI1528,Dog,German Shepherd,3.6,Female,Medium,Healthy,108,Not Adopted,Yes,2.5,
ANI1529,Cat,British Shorthair,6.3,Female,Medium,Healthy,26,Adopted,No,4.3,
ANI1530,Cat,Bengal,12,Male,Medium,Healthy,165,Adopted,Yes,3.3,
ANI1531,Other,Rabbit,3.3,Female,Medium,Healthy,151,Not Adopted,Yes,7.2,
ANI1532,Other,Turtle,2.6,Female,Small,Healthy,85,Adopted,Yes,7.2,
ANI1533,Cat,Ragdoll,3.3,Male,Medium,Healthy,168,Not Adopted,Yes,5.5,
ANI1534,Cat,Sphynx,6,Male,Medium,Healthy,151,Adopted,Yes,8,
ANI1535,Cat,Sphynx,2.4,Female,Small,Healthy,123,Adopted,Yes,8.6,
ANI1536,Cat,Maine Coon,0.8,Male,Medium,Minor Injury,144,Adopted,Yes,6.2,
ANI1537,Dog,Bulldog,9.8,Male,Medium,Healthy,68,Adopted,Yes,6.6,
ANI1538,Dog,German Shepherd,2.1,Male,Large,Healthy,104,Adopted,Yes,3.5,
ANI1539,Dog,Labrador Retriever,9.4,Male,Small,Healthy,80,Adopted,Yes,9.1,
ANI1540,Other,Hamster,8.1,Female,Small,Healthy,159,Not Adopted,Yes,1.2,
ANI1541,Cat,Siamese,9.9,Female,Medium,Healthy,53,Adopted,Yes,4.1,
ANI1542,Dog,Bulldog,4.1,Female,Small,Healthy,106,Adopted,Yes,7.5,
ANI1543,Cat,Persian,3,Male,Medium,Minor Injury,153,Not Adopted,Yes,1.7,
ANI1544,Cat,Maine Coon,13.4,Male,Medium,Chronic Illness,44,Adopted,Yes,2.6,
ANI1545,Dog,Rottweiler,7.4,Male,Small,Healthy,140,Adopted,No,6.3,
ANI1546,Dog,German Shepherd,8,Male,Medium,Healthy,90,Adopted,Yes,6,
ANI1547,Cat,Persian,0.7,Male,Medium,Healthy,101,Adopted,Yes,7.7,
ANI1548,Dog,Golden Retriever,11.2,Female,Medium,Minor Injury,97,Not Adopted,Yes,8.3,
ANI1549,Cat,British Shorthair,1.7,Male,Large,Minor Injury,9,Adopted,No,2.2,
ANI1550,Dog,German Shepherd,4.7,Female,Large,Healthy,12,Not Adopted,Yes,1.2,
ANI1551,Cat,Persian,7.5,Male,Medium,Healthy,69,Adopted,No,7.2,
ANI1552,Cat,British Shorthair,0.5,Male,Medium,Minor Injury,28,Adopted,Yes,3.7,
ANI1553,Cat,Bengal,9.2,Male,Medium,Healthy,56,Adopted,Yes,6.6,
ANI1554,Cat,Sphynx,13.7,Female,Large,Healthy,99,Not Adopted,No,2.4,
ANI1555,Dog,Beagle,10,Female,Medium,Healthy,110,Adopted,Yes,5.2,
ANI1556,Dog,German Shepherd,10.6,Female,Medium,Healthy,77,Adopted,Yes,5.5,
ANI1557,Dog,German Shepherd,6.1,Male,Large,Minor Injury,103,Not Adopted,Yes,6.3,
ANI1558,Cat,British Shorthair,11.5,Male,Small,Chronic Illness,106,Adopted,No,5.6,
ANI1559,Cat,Persian,1.9,Female,Large,Healthy,109,Adopted,Yes,5.5,
ANI1560,Cat,Sphynx,9,Male,Small,Healthy,112,Not Adopted,Yes,4,
ANI1561,Dog,German Shepherd,2.3,Female,Medium,Healthy,58,Adopted,Yes,1.6,
ANI1562,Dog,Golden Retriever,4.8,Male,Medium,Healthy,78,Not Adopted,Yes,1.8,
ANI1563,Dog,German Shepherd,4.3,Male,Large,Healthy,75,Adopted,No,4.9,
ANI1564,Dog,Beagle,5.4,Male,Large,Healthy,42,Not Adopted,Yes,4.2,
ANI1565,Cat,Ragdoll,10.5,Male,Medium,Healthy,166,Not Adopted,Yes,5.6,
ANI1566,Dog,Beagle,10.9,Female,Medium,Healthy,68,Adopted,No,3.7,
ANI1567,Dog,Golden Retriever,5,Male,Medium,Healthy,33,Adopted,Yes,7.2,
ANI1568,Cat,Persian,17.7,Male,Large,Healthy,71,Not Adopted,Yes,8.8,
ANI1569,Dog,Golden Retriever,9.2,Male,Medium,Healthy,56,Adopted,Yes,3.7,
ANI1570,Dog,Poodle,6.4,Male,Medium,Healthy,105,Adopted,Yes,2.7,
ANI1571,Cat,Ragdoll,11.8,Female,Small,Chronic Illness,101,Not Adopted,Yes,2,
ANI1572,Dog,German Shepherd,1.7,Female,Medium,Healthy,51,Adopted,Yes,6.5,
ANI1573,Cat,Siamese,15.3,Female,Medium,Healthy,74,Adopted,Yes,5,
ANI1574,Cat,Sphynx,10.7,Female,Medium,Minor Injury,171,Not Adopted,Yes,2.7,
ANI1575,Cat,Bengal,17.8,Male,Small,Chronic Illness,121,Adopted,Yes,6.9,
ANI1576,Dog,Golden Retriever,7.8,Female,Large,Healthy,143,Not Adopted,Yes,2.3,
ANI1577,Cat,Sphynx,15.1,Male,Small,Minor Injury,166,Not Adopted,Yes,6,
ANI1578,Dog,Bulldog,9.7,Male,Medium,Healthy,143,Not Adopted,Yes,5.7,
ANI1579,Dog,Beagle,4.5,Female,Large,Healthy,5,Adopted,No,7.6,
ANI1580,Dog,Poodle,3.5,Male,Medium,Healthy,83,Not Adopted,Yes,1.5,
ANI1581,Other,Hamster,4.6,Female,Small,Healthy,51,Adopted,Yes,9,
ANI1582,Dog,German Shepherd,5.9,Male,Medium,Healthy,10,Adopted,Yes,7.3,
ANI1583,Dog,Beagle,3.3,Female,Large,Healthy,140,Adopted,Yes,2.9,
ANI1584,Cat,Siamese,16.2,Female,Medium,Healthy,4,Adopted,Yes,2.7,
ANI1585,Dog,Labrador Retriever,6.7,Female,Large,Healthy,95,Adopted,Yes,4.9,
ANI1586,Dog,Beagle,11.8,Female,Small,Healthy,146,Adopted,Yes,8.4,
ANI1587,Dog,Poodle,9.8,Female,Medium,Healthy,80,Adopted,No,8.6,
ANI1588,Dog,Rottweiler,6.9,Male,Medium,Healthy,36,Adopted,Yes,5.7,
ANI1589,Dog,Beagle,11.4,Female,Large,Minor Injury,25,Not Adopted,Yes,8.7,
ANI1590,Dog,Beagle,6.3,Male,Small,Minor Injury,98,Not Adopted,Yes,1,
ANI1591,Cat,Siamese,16,Female,Large,Minor Injury,164,Not Adopted,Yes,1.3,
ANI1592,Dog,Poodle,4.6,Female,Medium,Healthy,101,Not Adopted,Yes,9.2,
ANI1593,Dog,Beagle,4.9,Female,Medium,Minor Injury,9,Not Adopted,Yes,8,
ANI1594,Cat,Siamese,7.8,Male,Small,Healthy,61,Adopted,Yes,5.1,
ANI1595,Dog,Golden Retriever,6.8,Male,Large,Healthy,53,Adopted,Yes,7.8,
ANI1596,Cat,Ragdoll,10.2,Female,Small,Healthy,146,Adopted,Yes,9.6,
ANI1597,Dog,Bulldog,6.2,Male,Medium,Healthy,171,Adopted,Yes,7.9,
ANI1598,Dog,Labrador Retriever,4,Male,Small,Healthy,163,Adopted,Yes,8.6,
ANI1599,Dog,Bulldog,11.2,Male,Large,Healthy,63,Adopted,Yes,7.8,
ANI1600,Dog,Rottweiler,7.3,Female,Medium,Minor Injury,121,Not Adopted,Yes,2.5,
ANI1601,Dog,Poodle,5.2,Female,Medium,Healthy,105,Adopted,Yes,8.5,
ANI1602,Dog,Beagle,8,Male,Small,Healthy,4,Adopted,Yes,2.8,
ANI1603,Dog,German Shepherd,9.3,Male,Medium,Chronic Illness,93,Not Adopted,No,9,
ANI1604,Dog,Rottweiler,11.5,Male,Medium,Healthy,169,Adopted,Yes,5.1,
ANI1605,Dog,Poodle,6.2,Female,Large,Healthy,173,Not Adopted,Yes,7.1,
ANI1606,Dog,Labrador Retriever,1.8,Female,Large,Healthy,178,Adopted,Yes,5.5,
ANI1607,Dog,Poodle,5.6,Male,Small,Healthy,28,Not Adopted,Yes,1.8,
ANI1608,Dog,Rottweiler,6,Male,Medium,Healthy,170,Adopted,Yes,3.6,
ANI1609,Cat,Siamese,16.2,Male,Small,Healthy,80,Adopted,No,9.9,
ANI1610,Dog,Bulldog,5,Female,Medium,Healthy,76,Adopted,Yes,9.6,
ANI1611,Cat,Maine Coon,17.2,Female,Small,Healthy,116,Not Adopted,No,3.9,
ANI1612,Cat,Bengal,9,Male,Medium,Healthy,69,Not Adopted,No,10,
ANI1613,Dog,German Shepherd,11.7,Male,Medium,Healthy,98,Adopted,Yes,8.6,
ANI1614,Cat,British Shorthair,0.6,Male,Medium,Healthy,1,Not Adopted,Yes,6.5,
ANI1615,Cat,Siamese,16.2,Female,Medium,Minor Injury,167,Not Adopted,Yes,1.4,
ANI1616,Dog,Labrador Retriever,11.2,Male,Medium,Healthy,96,Adopted,Yes,9.1,
ANI1617,Dog,Poodle,11.6,Female,Medium,Healthy,17,Not Adopted,No,6,
ANI1618,Cat,Ragdoll,0.7,Female,Small,Healthy,112,Adopted,Yes,8.8,
ANI1619,Cat,Bengal,3.5,Male,Medium,Healthy,91,Adopted,No,8.5,
ANI1620,Dog,Rottweiler,8,Male,Small,Healthy,88,Not Adopted,Yes,8.5,
ANI1621,Dog,Golden Retriever,0.8,Male,Medium,Healthy,163,Not Adopted,No,7.3,
ANI1622,Dog,Golden Retriever,1.2,Female,Medium,Minor Injury,174,Not Adopted,No,3.6,
ANI1623,Dog,Labrador Retriever,3,Female,Medium,Minor Injury,170,Not Adopted,Yes,4,
ANI1624,Cat,Siamese,9.5,Female,Small,Healthy,167,Adopted,Yes,3.8,
ANI1625,Dog,Labrador Retriever,6.8,Female,Medium,Minor Injury,90,Not Adopted,Yes,1.2,
ANI1626,Dog,Poodle,0.9,Male,Large,Healthy,49,Adopted,Yes,6.2,
ANI1627,Cat,Sphynx,3.5,Female,Medium,Healthy,38,Not Adopted,No,7.3,
ANI1628,Dog,Beagle,6.2,Female,Medium,Healthy,151,Adopted,Yes,8.7,
ANI1629,Dog,Beagle,7.3,Male,Medium,Healthy,150,Not Adopted,Yes,2.3,
ANI1630,Cat,Siamese,3.1,Female,Small,Minor Injury,132,Not Adopted,Yes,5.9,
ANI1631,Cat,Persian,7.5,Female,Medium,Healthy,177,Adopted,Yes,1.1,
ANI1632,Dog,Rottweiler,10.9,Female,Medium,Healthy,59,Adopted,Yes,1.9,
ANI1633,Dog,Bulldog,12,Female,Small,Chronic Illness,68,Not Adopted,Yes,1.5,
ANI1634,Dog,Poodle,11.9,Female,Small,Healthy,130,Not Adopted,Yes,7.5,
ANI1635,Dog,Beagle,10.6,Female,Small,Healthy,49,Adopted,Yes,1.7,
ANI1636,Dog,Rottweiler,5,Male,Medium,Healthy,126,Not Adopted,Yes,7.4,
ANI1637,Dog,Golden Retriever,8.4,Male,Large,Minor Injury,159,Not Adopted,Yes,3.2,
ANI1638,Dog,Labrador Retriever,5.3,Female,Small,Minor Injury,111,Adopted,Yes,8.9,
ANI1639,Dog,Poodle,8,Male,Medium,Healthy,168,Adopted,Yes,8.3,
ANI1640,Dog,Poodle,4.1,Male,Small,Healthy,48,Adopted,Yes,9.6,
ANI1641,Dog,Golden Retriever,7.5,Male,Large,Healthy,51,Adopted,Yes,9,
ANI1642,Dog,Golden Retriever,6.5,Male,Small,Minor Injury,43,Adopted,Yes,9.4,
ANI1643,Dog,Golden Retriever,0.8,Female,Medium,Healthy,98,Adopted,Yes,8.7,
ANI1644,Dog,Beagle,9.6,Female,Medium,Healthy,177,Adopted,No,7.2,
ANI1645,Cat,Sphynx,0.7,Male,Medium,Chronic Illness,124,Not Adopted,Yes,2.5,
ANI1646,Cat,Persian,5.6,Male,Medium,Healthy,80,Adopted,No,3.4,
ANI1647,Cat,Maine Coon,0.6,Male,Medium,Healthy,111,Adopted,Yes,2.9,
ANI1648,Cat,Bengal,7.1,Female,Medium,Healthy,143,Adopted,Yes,6.4,
ANI1649,Dog,Poodle,1.2,Female,Small,Chronic Illness,27,Not Adopted,Yes,5.5,
ANI1650,Dog,Golden Retriever,11,Male,Small,Healthy,158,Adopted,Yes,8.8,
ANI1651,Dog,Poodle,5.3,Female,Medium,Healthy,164,Adopted,Yes,9.6,
ANI1652,Cat,Siamese,8.5,Female,Small,Healthy,113,Not Adopted,Yes,4.6,
ANI1653,Cat,British Shorthair,6.6,Female,Small,Healthy,86,Not Adopted,Yes,5.6,
ANI1654,Dog,German Shepherd,7.7,Female,Medium,Healthy,114,Adopted,Yes,9.7,
ANI1655,Dog,Golden Retriever,9.5,Male,Large,Healthy,124,Not Adopted,Yes,3.5,
ANI1656,Dog,Poodle,8,Female,Medium,Chronic Illness,49,Adopted,Yes,8.1,
ANI1657,Dog,Rottweiler,9.1,Male,Small,Healthy,76,Not Adopted,Yes,3,
ANI1658,Cat,Siamese,16.4,Female,Small,Healthy,55,Adopted,Yes,7.1,
ANI1659,Cat,Maine Coon,15.6,Female,Large,Healthy,56,Adopted,Yes,3.3,
ANI1660,Dog,Poodle,8.3,Female,Small,Healthy,95,Adopted,Yes,9,
ANI1661,Other,Parrot,2.5,Female,Small,Minor Injury,44,Adopted,Yes,6.1,
ANI1662,Cat,Sphynx,11.7,Male,Medium,Healthy,159,Not Adopted,Yes,2.7,
ANI1663,Dog,Poodle,6.3,Female,Medium,Healthy,87,Not Adopted,No,3,
ANI1664,Dog,German Shepherd,8.7,Female,Medium,Healthy,84,Adopted,Yes,5.4,
ANI1665,Dog,Golden Retriever,10.1,Female,Small,Healthy,151,Adopted,Yes,9.7,
ANI1666,Dog,German Shepherd,9,Male,Small,Healthy,156,Adopted,Yes,7.9,
ANI1667,Dog,Golden Retriever,10.2,Male,Large,Healthy,16,Adopted,Yes,5.4,
ANI1668,Dog,Labrador Retriever,1.2,Male,Small,Minor Injury,165,Not Adopted,Yes,4,
ANI1669,Dog,German Shepherd,0.9,Female,Medium,Chronic Illness,149,Not Adopted,Yes,5.9,
ANI1670,Dog,German Shepherd,3.5,Female,Medium,Healthy,145,Not Adopted,Yes,7.7,
ANI1671,Cat,Bengal,16.3,Male,Medium,Chronic Illness,37,Adopted,Yes,8.1,
ANI1672,Dog,Rottweiler,10,Female,Medium,Healthy,77,Not Adopted,Yes,3.9,
ANI1673,Dog,Beagle,8.4,Female,Small,Healthy,147,Adopted,Yes,7.5,
ANI1674,Dog,German Shepherd,8.6,Female,Medium,Healthy,158,Adopted,Yes,6.9,
ANI1675,Other,Guinea Pig,7.4,Female,Large,Healthy,45,Adopted,Yes,9.6,
ANI1676,Dog,Rottweiler,11.3,Female,Large,Healthy,146,Adopted,Yes,9.4,
ANI1677,Dog,Golden Retriever,10.1,Female,Small,Healthy,62,Adopted,Yes,8.1,
ANI1678,Other,Rabbit,6.4,Male,Small,Healthy,164,Adopted,Yes,7.5,
ANI1679,Cat,Ragdoll,12.2,Female,Large,Healthy,100,Adopted,Yes,3.5,
ANI1680,Cat,British Shorthair,4.2,Female,Medium,Healthy,52,Adopted,Yes,8.6,
ANI1681,Dog,Poodle,8.1,Female,Large,Minor Injury,19,Not Adopted,No,4.8,
ANI1682,Dog,Poodle,5.4,Female,Small,Healthy,109,Adopted,Yes,3.5,
ANI1683,Cat,Ragdoll,3.2,Female,Medium,Healthy,44,Not Adopted,No,4.5,
ANI1684,Cat,British Shorthair,14.6,Male,Medium,Healthy,7,Adopted,Yes,8.5,
ANI1685,Cat,Persian,9.4,Male,Medium,Healthy,172,Adopted,Yes,2.3,
ANI1686,Cat,Bengal,17.6,Male,Medium,Minor Injury,117,Not Adopted,Yes,5.1,
ANI1687,Dog,Beagle,3.7,Male,Small,Healthy,68,Not Adopted,Yes,5.4,
ANI1688,Cat,Siamese,8.9,Female,Medium,Healthy,34,Adopted,Yes,1.3,
ANI1689,Dog,Rottweiler,5.7,Female,Small,Minor Injury,69,Not Adopted,Yes,2.8,
ANI1690,Dog,Poodle,1.9,Male,Medium,Healthy,55,Adopted,Yes,8.4,
ANI1691,Dog,German Shepherd,5.4,Male,Large,Healthy,10,Adopted,No,8.5,
ANI1692,Dog,Rottweiler,3.8,Female,Medium,Healthy,42,Not Adopted,Yes,3.6,
ANI1693,Dog,German Shepherd,2.3,Male,Large,Chronic Illness,41,Not Adopted,Yes,8.9,
ANI1694,Dog,Poodle,3.7,Female,Small,Healthy,122,Not Adopted,Yes,7.9,
ANI1695,Cat,Bengal,4.6,Female,Medium,Healthy,138,Not Adopted,Yes,4.8,
ANI1696,Dog,Rottweiler,8.9,Female,Large,Healthy,10,Not Adopted,Yes,7.7,
ANI1697,Cat,Siamese,1,Male,Small,Healthy,102,Adopted,Yes,9.7,
ANI1698,Dog,Golden Retriever,7.6,Male,Small,Healthy,128,Not Adopted,No,5.1,
ANI1699,Dog,German Shepherd,9.2,Female,Medium,Healthy,179,Not Adopted,Yes,3.1,
ANI1700,Dog,Beagle,6,Female,Small,Healthy,149,Adopted,Yes,9.5,
ANI1701,Dog,Poodle,11.2,Male,Medium,Chronic Illness,136,Not Adopted,Yes,6.4,
ANI1702,Dog,Labrador Retriever,8.6,Female,Large,Minor Injury,92,Not Adopted,No,1.9,
ANI1703,Dog,German Shepherd,9.1,Male,Medium,Healthy,113,Adopted,Yes,6.2,
ANI1704,Dog,Bulldog,2.8,Female,Small,Minor Injury,78,Not Adopted,Yes,5.5,
ANI1705,Other,Parrot,7.9,Male,Medium,Healthy,85,Adopted,Yes,8.7,
ANI1706,Dog,Golden Retriever,10.1,Female,Medium,Healthy,30,Adopted,Yes,5.8,
ANI1707,Cat,Persian,6.8,Male,Small,Healthy,49,Adopted,Yes,3.3,
ANI1708,Dog,Beagle,3,Male,Medium,Minor Injury,9,Not Adopted,Yes,7.1,
ANI1709,Cat,Persian,7.2,Male,Medium,Minor Injury,145,Adopted,No,5.9,
ANI1710,Cat,Sphynx,13.4,Male,Medium,Healthy,69,Not Adopted,No,3.1,
ANI1711,Cat,Siamese,7.8,Female,Small,Chronic Illness,58,Adopted,Yes,6.2,
ANI1712,Dog,Poodle,9,Female,Medium,Healthy,62,Adopted,Yes,8.4,
ANI1713,Dog,Bulldog,1.8,Male,Small,Minor Injury,52,Adopted,Yes,1.3,
ANI1714,Dog,Golden Retriever,9.8,Male,Small,Chronic Illness,40,Not Adopted,No,6.7,
ANI1715,Cat,Persian,4.9,Female,Large,Healthy,166,Adopted,Yes,4.1,
ANI1716,Cat,Bengal,4.9,Female,Medium,Minor Injury,171,Not Adopted,Yes,3.6,
ANI1717,Other,Guinea Pig,6.1,Female,Small,Healthy,63,Adopted,Yes,4.5,
ANI1718,Dog,Golden Retriever,1.3,Male,Small,Healthy,147,Adopted,Yes,4.1,
ANI1719,Cat,Maine Coon,1,Male,Small,Healthy,50,Adopted,Yes,8.5,
ANI1720,Cat,Sphynx,5.1,Female,Small,Healthy,161,Adopted,Yes,3.5,
ANI1721,Dog,Poodle,6.7,Male,Small,Chronic Illness,141,Not Adopted,Yes,7.6,
ANI1722,Dog,Golden Retriever,10.9,Female,Small,Healthy,78,Not Adopted,No,1.8,
ANI1723,Cat,Ragdoll,15.3,Male,Medium,Healthy,97,Adopted,Yes,9.6,
ANI1724,Cat,Maine Coon,9.1,Female,Medium,Minor Injury,43,Adopted,Yes,6.6,
ANI1725,Cat,Siamese,1.1,Male,Medium,Chronic Illness,177,Adopted,Yes,7.4,
ANI1726,Dog,Beagle,6.7,Female,Medium,Healthy,36,Adopted,Yes,3.7,
ANI1727,Cat,Ragdoll,12.8,Male,Small,Chronic Illness,122,Not Adopted,Yes,4.7,
ANI1728,Dog,Bulldog,4.4,Female,Large,Healthy,108,Adopted,Yes,3,
ANI1729,Dog,German Shepherd,1.8,Male,Large,Minor Injury,10,Adopted,Yes,9.4,
ANI1730,Dog,Rottweiler,3.7,Female,Large,Healthy,95,Adopted,No,5.4,
ANI1731,Cat,Bengal,14,Female,Large,Healthy,6,Adopted,Yes,6.7,
ANI1732,Cat,Sphynx,6.6,Female,Large,Healthy,57,Adopted,Yes,7.6,
ANI1733,Dog,Golden Retriever,9.8,Female,Medium,Healthy,129,Adopted,Yes,4.3,
ANI1734,Dog,Rottweiler,4.2,Female,Small,Healthy,71,Not Adopted,Yes,7.5,
ANI1735,Cat,Bengal,3.4,Female,Medium,Healthy,21,Adopted,Yes,7.1,
ANI1736,Dog,German Shepherd,5.5,Male,Medium,Healthy,92,Not Adopted,No,7.4,
ANI1737,Cat,British Shorthair,8.4,Female,Medium,Chronic Illness,127,Adopted,Yes,5.4,
ANI1738,Dog,Rottweiler,0.7,Male,Medium,Healthy,80,Not Adopted,Yes,4.4,
ANI1739,Dog,Poodle,1.8,Male,Small,Healthy,56,Adopted,No,3,
ANI1740,Dog,Labrador Retriever,2.6,Male,Medium,Healthy,116,Not Adopted,Yes,8.4,
ANI1741,Dog,Bulldog,1.8,Male,Large,Healthy,148,Not Adopted,Yes,6.5,
ANI1742,Cat,Persian,6.5,Female,Medium,Minor Injury,25,Not Adopted,Yes,5,
ANI1743,Dog,Beagle,11.6,Female,Medium,Minor Injury,156,Adopted,Yes,9.5,
ANI1744,Dog,Bulldog,6.4,Female,Small,Healthy,5,Not Adopted,Yes,1.4,
ANI1745,Cat,Bengal,11.5,Female,Medium,Healthy,120,Adopted,Yes,8.7,
ANI1746,Dog,Poodle,4.6,Male,Large,Minor Injury,21,Adopted,Yes,10,
ANI1747,Dog,Golden Retriever,4.2,Male,Medium,Healthy,18,Adopted,Yes,9,
ANI1748,Cat,Siamese,0.9,Male,Medium,Minor Injury,175,Adopted,Yes,8.3,
ANI1749,Cat,Siamese,9.3,Male,Medium,Healthy,57,Not Adopted,Yes,4.4,
ANI1750,Dog,German Shepherd,6.1,Male,Medium,Minor Injury,93,Adopted,Yes,3.1,
ANI1751,Cat,Sphynx,3.3,Male,Small,Healthy,19,Adopted,No,7.6,
ANI1752,Cat,British Shorthair,13.9,Female,Medium,Healthy,128,Not Adopted,Yes,3.7,
ANI1753,Dog,Golden Retriever,6.2,Female,Medium,Chronic Illness,97,Not Adopted,Yes,2.6,
ANI1754,Dog,Labrador Retriever,4.4,Female,Medium,Healthy,131,Adopted,Yes,8.1,
ANI1755,Cat,Siamese,3.1,Female,Medium,Healthy,170,Adopted,Yes,3.8,
ANI1756,Cat,Persian,10.2,Female,Large,Healthy,21,Adopted,No,9.2,
ANI1757,Dog,Golden Retriever,9.2,Male,Small,Healthy,40,Adopted,Yes,8.6,
ANI1758,Cat,Sphynx,5.4,Female,Large,Healthy,67,Not Adopted,Yes,8.6,
ANI1759,Cat,Maine Coon,4.3,Female,Small,Healthy,153,Not Adopted,Yes,7.9,
ANI1760,Dog,Poodle,6.5,Male,Medium,Healthy,127,Not Adopted,Yes,8.9,
ANI1761,Dog,Rottweiler,2.3,Male,Small,Healthy,55,Adopted,Yes,8.3,
ANI1762,Dog,German Shepherd,8.2,Female,Medium,Minor Injury,172,Adopted,Yes,6.4,
ANI1763,Cat,Sphynx,11.1,Male,Medium,Healthy,109,Adopted,Yes,3.7,
ANI1764,Dog,Poodle,1.5,Female,Small,Healthy,98,Adopted,Yes,9,
ANI1765,Cat,Siamese,1.1,Female,Medium,Healthy,112,Adopted,Yes,8.6,
ANI1766,Cat,Maine Coon,11.4,Male,Large,Healthy,115,Not Adopted,Yes,5.3,
ANI1767,Cat,Maine Coon,5.7,Male,Small,Healthy,117,Adopted,Yes,1.4,
ANI1768,Dog,Bulldog,1.5,Male,Medium,Healthy,87,Adopted,No,6.7,
ANI1769,Cat,Bengal,13.8,Male,Medium,Healthy,81,Not Adopted,Yes,1.5,
ANI1770,Dog,Golden Retriever,4.1,Male,Medium,Healthy,66,Adopted,Yes,9.3,
ANI1771,Cat,Maine Coon,8.5,Female,Small,Healthy,19,Adopted,Yes,9.7,
ANI1772,Dog,Labrador Retriever,3.2,Male,Small,Healthy,135,Adopted,Yes,2.7,
ANI1773,Dog,Rottweiler,7.7,Female,Small,Healthy,118,Adopted,No,7.1,
ANI1774,Cat,Persian,5.8,Male,Small,Healthy,42,Adopted,Yes,1.8,
ANI1775,Dog,Rottweiler,11.6,Female,Small,Healthy,42,Adopted,Yes,7.6,
ANI1776,Dog,Poodle,8.6,Male,Medium,Healthy,59,Adopted,Yes,4.1,
ANI1777,Cat,Bengal,2.9,Male,Large,Minor Injury,20,Not Adopted,Yes,7.1,
ANI1778,Cat,Bengal,7.8,Female,Large,Healthy,73,Not Adopted,Yes,4.4,
ANI1779,Cat,Maine Coon,7.2,Female,Medium,Healthy,17,Adopted,Yes,2.3,
ANI1780,Cat,Maine Coon,9.8,Male,Small,Healthy,27,Adopted,Yes,4.7,
ANI1781,Dog,Poodle,10.2,Female,Small,Healthy,175,Adopted,Yes,2,
ANI1782,Dog,Beagle,7.2,Male,Medium,Healthy,2,Adopted,Yes,6.2,
ANI1783,Dog,Beagle,1.2,Male,Small,Healthy,63,Not Adopted,Yes,1.4,
ANI1784,Dog,Beagle,8,Male,Medium,Minor Injury,62,Adopted,Yes,5.7,
ANI1785,Cat,Bengal,0.6,Male,Medium,Healthy,100,Adopted,Yes,9,
ANI1786,Cat,Persian,14.1,Female,Medium,Chronic Illness,19,Adopted,Yes,8.5,
ANI1787,Dog,Beagle,8.2,Male,Medium,Healthy,17,Adopted,Yes,8.9,
ANI1788,Dog,German Shepherd,4.1,Male,Large,Healthy,69,Adopted,Yes,9.3,
ANI1789,Cat,Ragdoll,5.6,Female,Medium,Healthy,167,Not Adopted,Yes,1.9,
ANI1790,Dog,Beagle,9.7,Female,Medium,Healthy,117,Adopted,No,2.2,
ANI1791,Cat,Siamese,14.2,Male,Large,Healthy,81,Adopted,No,6,
ANI1792,Dog,Beagle,4.6,Female,Large,Healthy,39,Adopted,Yes,9,
ANI1793,Cat,Persian,5.7,Male,Medium,Healthy,36,Adopted,Yes,9.8,
ANI1794,Dog,Labrador Retriever,6.9,Female,Medium,Chronic Illness,168,Not Adopted,Yes,1.4,
ANI1795,Cat,Sphynx,0.6,Female,Medium,Minor Injury,173,Adopted,Yes,4.2,
ANI1796,Cat,Siamese,1.9,Female,Large,Healthy,132,Adopted,Yes,2.9,
ANI1797,Cat,Ragdoll,2.7,Male,Large,Healthy,153,Adopted,Yes,7.8,
ANI1798,Cat,Siamese,3.7,Male,Small,Healthy,158,Adopted,No,6.8,
ANI1799,Cat,Ragdoll,9.5,Male,Medium,Healthy,29,Not Adopted,Yes,2.1,
ANI1800,Cat,Sphynx,17.9,Male,Medium,Healthy,51,Adopted,Yes,5.4,
ANI1801,Dog,Poodle,8,Male,Medium,Healthy,152,Adopted,Yes,7.2,
ANI1802,Cat,Maine Coon,1.6,Female,Small,Healthy,14,Adopted,Yes,8,
ANI1803,Cat,Bengal,9.7,Male,Large,Healthy,69,Not Adopted,Yes,1.2,
ANI1804,Dog,Rottweiler,6.2,Male,Medium,Chronic Illness,146,Adopted,Yes,9,
ANI1805,Cat,Bengal,3,Female,Large,Healthy,170,Not Adopted,Yes,6.1,
ANI1806,Cat,Persian,16.6,Male,Large,Chronic Illness,57,Adopted,Yes,8.3,
ANI1807,Cat,Maine Coon,8.2,Female,Medium,Healthy,12,Adopted,Yes,8.3,
ANI1808,Dog,Bulldog,11.9,Male,Medium,Healthy,17,Not Adopted,Yes,2.7,
ANI1809,Dog,Beagle,5.3,Male,Medium,Healthy,30,Adopted,Yes,2,
ANI1810,Other,Guinea Pig,6.3,Male,Small,Healthy,88,Not Adopted,Yes,7.5,
ANI1811,Cat,Ragdoll,2.3,Male,Medium,Healthy,99,Not Adopted,Yes,2.4,
ANI1812,Dog,German Shepherd,5.7,Female,Small,Healthy,23,Adopted,No,8.6,
ANI1813,Cat,Siamese,4.7,Male,Medium,Healthy,129,Adopted,Yes,7.5,
ANI1814,Cat,Ragdoll,15.1,Female,Small,Healthy,79,Adopted,No,8.6,
ANI1815,Dog,Beagle,9.5,Male,Small,Healthy,32,Adopted,No,3.7,
ANI1816,Cat,Ragdoll,14.9,Male,Small,Healthy,9,Adopted,Yes,3.8,
ANI1817,Dog,German Shepherd,8.8,Female,Small,Healthy,15,Adopted,Yes,7,
ANI1818,Dog,Bulldog,10.1,Male,Medium,Healthy,156,Not Adopted,No,1.3,
ANI1819,Dog,Labrador Retriever,2.8,Female,Medium,Healthy,152,Adopted,Yes,7.5,
ANI1820,Cat,Siamese,8.4,Female,Medium,Healthy,163,Adopted,Yes,8.5,
ANI1821,Dog,Beagle,8.5,Female,Small,Chronic Illness,27,Adopted,No,4.7,
ANI1822,Dog,Bulldog,7.8,Female,Small,Healthy,109,Adopted,Yes,7.9,
ANI1823,Dog,Bulldog,8.7,Male,Small,Minor Injury,76,Not Adopted,Yes,2.6,
ANI1824,Dog,Bulldog,3.1,Male,Small,Healthy,148,Not Adopted,Yes,3.9,
ANI1825,Cat,Maine Coon,2.2,Male,Large,Healthy,65,Adopted,Yes,9.8,
ANI1826,Dog,Golden Retriever,11,Female,Small,Healthy,177,Not Adopted,Yes,9.9,
ANI1827,Dog,Rottweiler,6.9,Female,Medium,Healthy,109,Adopted,Yes,5.6,
ANI1828,Cat,Bengal,3.2,Male,Small,Healthy,129,Not Adopted,Yes,9.4,
ANI1829,Dog,Beagle,9.6,Female,Small,Minor Injury,10,Not Adopted,Yes,5.7,
ANI1830,Dog,Poodle,11,Male,Medium,Healthy,47,Not Adopted,Yes,3.6,
ANI1831,Dog,Beagle,2.4,Female,Medium,Healthy,123,Adopted,Yes,3.4,
ANI1832,Dog,Golden Retriever,9.9,Male,Small,Healthy,59,Adopted,Yes,9.4,
ANI1833,Dog,German Shepherd,11.2,Female,Small,Chronic Illness,96,Adopted,Yes,2.6,
ANI1834,Dog,Rottweiler,11.3,Female,Medium,Healthy,103,Not Adopted,Yes,6.2,
ANI1835,Dog,Golden Retriever,11,Male,Small,Healthy,124,Adopted,Yes,6,
ANI1836,Cat,Ragdoll,10.1,Male,Small,Healthy,86,Not Adopted,No,7.7,
ANI1837,Dog,Labrador Retriever,4.6,Male,Large,Minor Injury,146,Adopted,Yes,5.5,
ANI1838,Cat,British Shorthair,0.6,Male,Medium,Chronic Illness,112,Not Adopted,Yes,3.5,
ANI1839,Cat,Maine Coon,1.6,Male,Medium,Healthy,174,Adopted,Yes,2.5,
ANI1840,Dog,Beagle,5.4,Female,Medium,Minor Injury,160,Adopted,Yes,6.6,
ANI1841,Cat,British Shorthair,7.5,Female,Medium,Minor Injury,27,Adopted,Yes,7.5,
ANI1842,Dog,Beagle,2.6,Female,Medium,Healthy,18,Adopted,Yes,6.1,
ANI1843,Other,Turtle,4.3,Male,Medium,Healthy,167,Adopted,Yes,7.6,
ANI1844,Dog,Bulldog,2.5,Female,Medium,Healthy,177,Not Adopted,Yes,2.3,
ANI1845,Dog,Bulldog,10.3,Female,Small,Chronic Illness,82,Adopted,Yes,8.9,
ANI1846,Dog,Rottweiler,3.9,Male,Medium,Healthy,172,Adopted,Yes,6.2,
ANI1847,Other,Rabbit,6.2,Female,Medium,Minor Injury,72,Not Adopted,Yes,2.1,
ANI1848,Dog,Poodle,6.3,Female,Large,Healthy,54,Adopted,No,5.2,
ANI1849,Cat,British Shorthair,1.4,Male,Medium,Minor Injury,162,Not Adopted,Yes,8.6,
ANI1850,Dog,German Shepherd,11.3,Male,Medium,Healthy,71,Not Adopted,Yes,9.1,
ANI1851,Cat,Sphynx,9.7,Male,Small,Healthy,164,Adopted,Yes,3.4,
ANI1852,Dog,Beagle,4.2,Male,Medium,Minor Injury,146,Adopted,No,7.4,
ANI1853,Cat,British Shorthair,3.3,Female,Small,Minor Injury,38,Adopted,Yes,1.9,
ANI1854,Dog,Rottweiler,4.4,Female,Medium,Minor Injury,137,Not Adopted,No,1.3,
ANI1855,Dog,Poodle,0.7,Female,Small,Healthy,179,Adopted,Yes,6,
ANI1856,Dog,Labrador Retriever,4.7,Male,Medium,Healthy,35,Adopted,Yes,7.3,
ANI1857,Dog,Rottweiler,6.6,Male,Small,Healthy,82,Adopted,Yes,8.2,
ANI1858,Cat,Bengal,15.8,Female,Medium,Healthy,133,Adopted,Yes,4.1,
ANI1859,Dog,Poodle,8.4,Female,Large,Healthy,142,Not Adopted,Yes,1.1,
ANI1860,Cat,Siamese,2.5,Male,Small,Healthy,158,Not Adopted,Yes,5.3,
ANI1861,Dog,Bulldog,2.2,Female,Medium,Healthy,4,Not Adopted,Yes,1.1,
ANI1862,Dog,German Shepherd,5.4,Female,Medium,Chronic Illness,167,Not Adopted,No,1.8,
ANI1863,Dog,Golden Retriever,2.8,Male,Small,Healthy,153,Not Adopted,Yes,3.9,
ANI1864,Dog,German Shepherd,0.8,Male,Medium,Healthy,156,Adopted,No,4.9,
ANI1865,Cat,Bengal,14.6,Female,Small,Healthy,150,Adopted,Yes,3.5,
ANI1866,Dog,Golden Retriever,0.7,Male,Medium,Healthy,159,Adopted,Yes,6.2,
ANI1867,Dog,Bulldog,10.1,Male,Medium,Healthy,23,Adopted,No,1.5,
ANI1868,Cat,Sphynx,3,Male,Medium,Chronic Illness,48,Not Adopted,Yes,2.3,
ANI1869,Cat,Bengal,17.6,Male,Medium,Minor Injury,148,Adopted,Yes,7.3,
ANI1870,Dog,Golden Retriever,7.4,Female,Small,Chronic Illness,125,Not Adopted,Yes,2.3,
ANI1871,Dog,German Shepherd,9,Female,Small,Chronic Illness,166,Not Adopted,Yes,6.8,
ANI1872,Cat,Sphynx,2.4,Male,Medium,Healthy,55,Adopted,Yes,1.5,
ANI1873,Dog,Labrador Retriever,10.4,Female,Medium,Healthy,68,Not Adopted,Yes,4.7,
ANI1874,Dog,Labrador Retriever,10.2,Female,Large,Healthy,88,Not Adopted,Yes,2.6,
ANI1875,Dog,Labrador Retriever,8,Female,Large,Healthy,1,Adopted,No,2,
ANI1876,Cat,Persian,9.3,Male,Large,Healthy,135,Adopted,Yes,6.1,
ANI1877,Cat,Ragdoll,13.1,Male,Medium,Healthy,95,Adopted,No,9.4,
ANI1878,Dog,Labrador Retriever,0.6,Female,Medium,Healthy,140,Adopted,Yes,1.5,
ANI1879,Dog,Golden Retriever,7.3,Female,Medium,Healthy,106,Adopted,Yes,4.8,
ANI1880,Dog,Rottweiler,10.2,Male,Medium,Healthy,133,Adopted,Yes,7.4,
ANI1881,Cat,Persian,6.7,Male,Small,Healthy,108,Not Adopted,Yes,5.2,
ANI1882,Dog,Bulldog,1.7,Male,Large,Healthy,178,Adopted,No,8.3,
ANI1883,Dog,Rottweiler,5.3,Female,Large,Healthy,42,Not Adopted,Yes,2.6,
ANI1884,Cat,Persian,13.2,Female,Medium,Healthy,102,Adopted,Yes,9.6,
ANI1885,Dog,Rottweiler,1.7,Male,Small,Minor Injury,124,Not Adopted,Yes,4.5,
ANI1886,Cat,Siamese,4.1,Male,Medium,Healthy,140,Not Adopted,Yes,4.1,
ANI1887,Dog,Golden Retriever,2.2,Female,Large,Healthy,103,Adopted,No,8.9,
ANI1888,Dog,Golden Retriever,9.7,Female,Large,Minor Injury,146,Not Adopted,No,6.1,
ANI1889,Dog,Rottweiler,1.2,Male,Small,Healthy,74,Adopted,Yes,5.6,
ANI1890,Cat,Sphynx,12.5,Female,Small,Healthy,108,Adopted,Yes,7.5,
ANI1891,Cat,Ragdoll,6.9,Female,Large,Healthy,122,Not Adopted,Yes,6.2,
ANI1892,Cat,Bengal,13.7,Male,Medium,Healthy,17,Adopted,Yes,2.5,
ANI1893,Dog,Rottweiler,11.6,Female,Medium,Minor Injury,71,Not Adopted,No,7.1,
ANI1894,Cat,Maine Coon,2.5,Male,Large,Minor Injury,62,Not Adopted,Yes,2.2,
ANI1895,Dog,German Shepherd,4.1,Female,Small,Healthy,41,Adopted,Yes,8.3,
ANI1896,Dog,Labrador Retriever,9.8,Female,Medium,Healthy,119,Adopted,Yes,9.9,
ANI1897,Cat,Maine Coon,5.2,Female,Small,Healthy,162,Adopted,No,4.4,
ANI1898,Dog,German Shepherd,3,Female,Medium,Healthy,45,Adopted,Yes,5,
ANI1899,Dog,Labrador Retriever,10,Male,Large,Healthy,58,Not Adopted,Yes,1.4,
ANI1900,Dog,Poodle,11.9,Female,Medium,Healthy,179,Adopted,Yes,1.1,
ANI1901,Dog,Golden Retriever,6.9,Female,Large,Healthy,126,Adopted,Yes,9.3,
ANI1902,Dog,Golden Retriever,3.7,Male,Medium,Healthy,162,Not Adopted,Yes,2.2,
ANI1903,Cat,British Shorthair,7.5,Female,Medium,Healthy,44,Adopted,Yes,5,
ANI1904,Dog,Rottweiler,2.5,Female,Small,Healthy,15,Adopted,Yes,8.3,
ANI1905,Cat,Siamese,13.8,Male,Medium,Healthy,78,Adopted,Yes,9,
ANI1906,Cat,Sphynx,14,Female,Medium,Minor Injury,70,Not Adopted,Yes,5.7,
ANI1907,Dog,Rottweiler,10.6,Female,Small,Healthy,178,Adopted,Yes,6.1,
ANI1908,Dog,Bulldog,0.8,Male,Medium,Healthy,101,Adopted,Yes,7,
ANI1909,Dog,Poodle,7,Female,Medium,Chronic Illness,160,Adopted,Yes,9.7,
ANI1910,Cat,Bengal,4.2,Male,Medium,Healthy,3,Adopted,Yes,6.4,
ANI1911,Dog,Golden Retriever,4.4,Male,Medium,Healthy,86,Not Adopted,Yes,6,
ANI1912,Cat,Bengal,14.2,Male,Medium,Healthy,74,Adopted,No,1.1,
ANI1913,Dog,Labrador Retriever,2.7,Female,Small,Healthy,51,Not Adopted,Yes,1.7,
ANI1914,Cat,Ragdoll,11.7,Female,Small,Healthy,67,Adopted,Yes,6.2,
ANI1915,Dog,Bulldog,8,Male,Medium,Healthy,76,Adopted,Yes,9.4,
ANI1916,Dog,Labrador Retriever,11.5,Male,Medium,Healthy,93,Adopted,Yes,8.8,
ANI1917,Cat,Siamese,14.1,Female,Small,Minor Injury,176,Adopted,Yes,9.8,
ANI1918,Cat,Bengal,14.6,Male,Large,Healthy,145,Adopted,Yes,5.8,
ANI1919,Dog,Poodle,6.6,Female,Medium,Healthy,7,Adopted,Yes,8.1,
ANI1920,Cat,Persian,3.8,Female,Medium,Minor Injury,13,Not Adopted,Yes,8.6,
ANI1921,Dog,Bulldog,5.4,Female,Small,Healthy,120,Adopted,Yes,6.8,
ANI1922,Cat,Siamese,10.1,Female,Medium,Minor Injury,66,Not Adopted,Yes,4,
ANI1923,Cat,Bengal,12.4,Male,Medium,Healthy,4,Adopted,Yes,5.2,
ANI1924,Dog,Labrador Retriever,7.5,Female,Medium,Minor Injury,138,Adopted,Yes,8.7,
ANI1925,Dog,Bulldog,5,Female,Medium,Healthy,88,Not Adopted,Yes,3.7,
ANI1926,Dog,Poodle,3.6,Female,Large,Minor Injury,17,Adopted,Yes,9.3,
ANI1927,Dog,Golden Retriever,2.4,Male,Medium,Chronic Illness,52,Adopted,No,3.1,
ANI1928,Cat,Persian,12.6,Female,Small,Healthy,134,Adopted,Yes,7.7,
ANI1929,Dog,Labrador Retriever,7.9,Male,Medium,Healthy,69,Adopted,Yes,6.7,
ANI1930,Dog,Labrador Retriever,8.4,Male,Medium,Healthy,137,Adopted,Yes,7.7,
ANI1931,Cat,Persian,7,Male,Medium,Healthy,21,Adopted,No,4.9,
ANI1932,Other,Turtle,3,Female,Small,Healthy,24,Adopted,Yes,9.4,
ANI1933,Dog,Poodle,9.2,Female,Small,Healthy,4,Adopted,Yes,6.7,
ANI1934,Dog,German Shepherd,9.4,Female,Large,Healthy,152,Not Adopted,No,3.6,
ANI1935,Dog,Poodle,5.7,Female,Medium,Healthy,3,Adopted,No,6.7,
ANI1936,Dog,Labrador Retriever,7.5,Male,Large,Healthy,68,Not Adopted,Yes,3.6,
ANI1937,Cat,Sphynx,7,Female,Medium,Healthy,101,Adopted,Yes,3.6,
ANI1938,Dog,Bulldog,8.6,Male,Medium,Healthy,168,Not Adopted,Yes,4.6,
ANI1939,Cat,Sphynx,15.1,Female,Medium,Healthy,176,Adopted,Yes,8.7,
ANI1940,Dog,Bulldog,8.4,Female,Large,Healthy,54,Adopted,Yes,5.5,
ANI1941,Cat,Persian,9.5,Female,Medium,Healthy,35,Adopted,Yes,7.1,
ANI1942,Cat,Bengal,8.5,Female,Medium,Healthy,56,Adopted,Yes,4.5,
ANI1943,Cat,Persian,11.7,Male,Small,Healthy,108,Adopted,Yes,3.4,
ANI1944,Dog,Poodle,8.3,Male,Medium,Healthy,40,Adopted,Yes,9.6,
ANI1945,Dog,Rottweiler,6.9,Female,Medium,Minor Injury,68,Adopted,Yes,6.4,
ANI1946,Dog,Golden Retriever,7.7,Male,Small,Healthy,46,Adopted,Yes,9.4,
ANI1947,Cat,Bengal,2.2,Male,Small,Healthy,78,Not Adopted,Yes,2.8,
ANI1948,Cat,Persian,17.2,Male,Medium,Healthy,141,Not Adopted,No,2.3,
ANI1949,Cat,Sphynx,14.3,Female,Small,Minor Injury,155,Not Adopted,Yes,8.7,
ANI1950,Cat,Persian,7,Male,Small,Chronic Illness,6,Adopted,Yes,7.1,
ANI1951,Cat,Sphynx,10.3,Male,Medium,Healthy,17,Adopted,No,2.7,
ANI1952,Dog,Bulldog,1,Female,Large,Healthy,164,Adopted,Yes,3.4,
ANI1953,Cat,Siamese,1.2,Female,Medium,Minor Injury,99,Adopted,Yes,8.2,
ANI1954,Dog,Beagle,3.4,Male,Small,Healthy,81,Not Adopted,No,5.1,
ANI1955,Dog,Labrador Retriever,8.4,Male,Small,Healthy,2,Adopted,Yes,7,
ANI1956,Dog,Bulldog,10.3,Male,Medium,Healthy,77,Adopted,Yes,3.9,
ANI1957,Dog,Labrador Retriever,6.9,Male,Medium,Healthy,66,Not Adopted,Yes,4.4,
ANI1958,Dog,German Shepherd,6.6,Male,Large,Chronic Illness,52,Adopted,Yes,9.9,
ANI1959,Cat,Maine Coon,7.5,Female,Medium,Chronic Illness,92,Not Adopted,Yes,3.2,
ANI1960,Dog,Rottweiler,2.4,Female,Medium,Minor Injury,171,Not Adopted,No,5.6,
ANI1961,Cat,British Shorthair,2.6,Female,Small,Healthy,22,Adopted,Yes,8.6,
ANI1962,Dog,German Shepherd,9.2,Male,Medium,Minor Injury,111,Adopted,Yes,3.2,
ANI1963,Dog,Poodle,11.2,Female,Small,Healthy,107,Adopted,Yes,4.7,
ANI1964,Dog,Bulldog,5.8,Male,Large,Healthy,67,Adopted,Yes,6.5,
ANI1965,Dog,German Shepherd,8.1,Female,Medium,Minor Injury,140,Adopted,Yes,5.3,
ANI1966,Cat,Maine Coon,16.5,Female,Medium,Healthy,69,Not Adopted,Yes,5.1,
ANI1967,Dog,Labrador Retriever,1.5,Male,Small,Healthy,84,Not Adopted,Yes,4.3,
ANI1968,Cat,Bengal,14,Female,Small,Healthy,103,Adopted,Yes,6.3,
ANI1969,Dog,Beagle,7.6,Male,Medium,Minor Injury,39,Adopted,Yes,6.6,
ANI1970,Cat,Siamese,11,Female,Small,Healthy,13,Adopted,Yes,6.9,
ANI1971,Cat,Maine Coon,5.6,Male,Medium,Healthy,41,Adopted,Yes,1.6,
ANI1972,Cat,Siamese,12.5,Male,Small,Healthy,57,Adopted,Yes,6.7,
ANI1973,Dog,Poodle,9.6,Female,Medium,Minor Injury,12,Adopted,Yes,9.6,
ANI1974,Dog,Rottweiler,1.8,Male,Large,Minor Injury,13,Adopted,Yes,5.9,
ANI1975,Dog,Rottweiler,6.6,Female,Medium,Healthy,120,Not Adopted,Yes,7.4,
ANI1976,Cat,Bengal,2.3,Male,Medium,Healthy,97,Not Adopted,Yes,6,
ANI1977,Dog,Labrador Retriever,10.5,Female,Small,Healthy,57,Adopted,No,8.7,
ANI1978,Dog,Golden Retriever,6.3,Female,Small,Chronic Illness,40,Adopted,Yes,9.4,
ANI1979,Cat,Siamese,14.6,Female,Medium,Healthy,118,Not Adopted,Yes,2.7,
ANI1980,Dog,Bulldog,4.7,Male,Medium,Chronic Illness,80,Not Adopted,Yes,4.9,
ANI1981,Cat,Siamese,2.7,Male,Medium,Healthy,128,Adopted,Yes,4.5,
ANI1982,Dog,Bulldog,1,Male,Small,Minor Injury,173,Not Adopted,Yes,4.6,
ANI1983,Dog,Rottweiler,3.7,Male,Small,Minor Injury,35,Adopted,Yes,2.1,
ANI1984,Cat,Ragdoll,4.8,Female,Small,Healthy,3,Adopted,Yes,8.3,
ANI1985,Dog,German Shepherd,6.9,Female,Large,Chronic Illness,120,Adopted,No,1.3,
ANI1986,Cat,Ragdoll,0.9,Female,Small,Healthy,5,Adopted,No,5.8,
ANI1987,Dog,Beagle,6.5,Female,Medium,Healthy,11,Adopted,Yes,7,
ANI1988,Dog,Beagle,5,Female,Small,Healthy,126,Adopted,Yes,2.9,
ANI1989,Cat,British Shorthair,10.6,Female,Medium,Minor Injury,71,Adopted,Yes,9.2,
ANI1990,Cat,Maine Coon,12.8,Male,Medium,Healthy,117,Adopted,Yes,8.5,
ANI1991,Cat,Ragdoll,11.6,Female,Large,Healthy,138,Not Adopted,Yes,5.2,
ANI1992,Dog,Bulldog,11.8,Female,Large,Healthy,106,Adopted,Yes,4.7,
ANI1993,Cat,Maine Coon,2.9,Female,Medium,Healthy,116,Not Adopted,Yes,3.1,
ANI1994,Dog,German Shepherd,5.4,Male,Large,Healthy,162,Adopted,Yes,7.6,
ANI1995,Dog,German Shepherd,5.4,Male,Large,Healthy,67,Not Adopted,Yes,2.2,
ANI1996,Cat,Bengal,7.8,Male,Large,Minor Injury,31,Adopted,Yes,7.1,
ANI1997,Dog,Labrador Retriever,8.1,Female,Large,Healthy,75,Adopted,Yes,8.6,
ANI1998,Other,Rabbit,5.2,Female,Small,Healthy,71,Adopted,Yes,3.1,
ANI1999,Dog,German Shepherd,6.5,Male,Medium,Healthy,66,Adopted,Yes,8.8,
ANI2000,Dog,Rottweiler,5.5,Female,Small,Healthy,70,Not Adopted,Yes,1.3,
ANI2001,Dog,Rottweiler,11.9,Male,Small,Minor Injury,41,Not Adopted,No,9.2,
ANI2002,Cat,Bengal,16.7,Male,Large,Chronic Illness,160,Not Adopted,Yes,2.1,
ANI2003,Cat,Persian,5.9,Male,Medium,Healthy,20,Adopted,Yes,6.8,
ANI2004,Cat,Ragdoll,2.5,Female,Medium,Minor Injury,178,Not Adopted,Yes,3.3,
ANI2005,Cat,Siamese,15.2,Female,Large,Minor Injury,153,Not Adopted,Yes,8.5,
ANI2006,Cat,Sphynx,18,Male,Large,Minor Injury,140,Adopted,Yes,5.6,
ANI2007,Cat,Ragdoll,5.6,Female,Large,Healthy,39,Adopted,Yes,2.2,
ANI2008,Dog,Bulldog,4.6,Male,Small,Chronic Illness,145,Not Adopted,Yes,6.1,
ANI2009,Dog,Beagle,11.3,Female,Small,Healthy,45,Adopted,Yes,4.7,
ANI2010,Dog,Poodle,8.7,Female,Medium,Healthy,139,Not Adopted,Yes,7,
ANI2011,Other,Rabbit,3.3,Female,Small,Healthy,70,Adopted,Yes,8.9,
ANI2012,Cat,British Shorthair,10.7,Male,Small,Healthy,125,Adopted,Yes,4.7,
ANI2013,Dog,Labrador Retriever,11.4,Female,Medium,Healthy,151,Not Adopted,Yes,3.6,
ANI2014,Cat,Sphynx,14.7,Female,Medium,Healthy,91,Not Adopted,Yes,1.1,
ANI2015,Cat,Maine Coon,13.5,Male,Medium,Healthy,70,Adopted,Yes,6.2,
ANI2016,Dog,Rottweiler,9,Female,Medium,Minor Injury,166,Not Adopted,Yes,4.6,
ANI2017,Cat,Siamese,3.6,Male,Medium,Minor Injury,130,Not Adopted,Yes,4.4,
ANI2018,Cat,Sphynx,14.9,Female,Small,Healthy,84,Adopted,Yes,2.6,
ANI2019,Dog,Bulldog,3.7,Male,Small,Minor Injury,89,Not Adopted,No,4.9,
ANI2020,Cat,Siamese,16.8,Female,Medium,Minor Injury,79,Not Adopted,Yes,9.9,
ANI2021,Dog,Poodle,4.7,Female,Medium,Minor Injury,113,Not Adopted,Yes,3.7,
ANI2022,Cat,British Shorthair,15.5,Male,Medium,Healthy,93,Not Adopted,Yes,6.4,
ANI2023,Other,Turtle,3,Male,Small,Healthy,72,Adopted,Yes,8,
ANI2024,Cat,Bengal,9.5,Male,Large,Chronic Illness,165,Adopted,No,7.7,
ANI2025,Dog,Labrador Retriever,1.7,Male,Medium,Healthy,49,Adopted,Yes,4,
ANI2026,Cat,Ragdoll,12.1,Male,Medium,Healthy,52,Adopted,Yes,6.5,
ANI2027,Cat,Persian,15.1,Female,Medium,Healthy,33,Adopted,Yes,8.8,
ANI2028,Dog,Labrador Retriever,8.8,Male,Large,Healthy,22,Not Adopted,Yes,1.1,
ANI2029,Cat,British Shorthair,9.7,Male,Medium,Healthy,114,Adopted,Yes,4.9,
ANI2030,Dog,Golden Retriever,1,Female,Medium,Healthy,133,Adopted,No,3,
ANI2031,Cat,Persian,16.8,Male,Large,Healthy,18,Adopted,Yes,4.5,
ANI2032,Dog,German Shepherd,8.6,Female,Medium,Minor Injury,166,Adopted,Yes,4.7,
ANI2033,Dog,Bulldog,9.1,Female,Medium,Minor Injury,118,Adopted,No,7.7,
ANI2034,Dog,Rottweiler,9.6,Female,Medium,Healthy,117,Not Adopted,Yes,1.8,
ANI2035,Cat,Persian,13.6,Female,Medium,Chronic Illness,37,Not Adopted,Yes,5.6,
ANI2036,Dog,Beagle,5.6,Female,Small,Healthy,64,Not Adopted,Yes,6.1,
ANI2037,Cat,Siamese,13.3,Male,Medium,Healthy,138,Adopted,Yes,5.4,
ANI2038,Dog,Poodle,7.7,Male,Large,Minor Injury,79,Not Adopted,Yes,7.6,
ANI2039,Dog,Bulldog,10.3,Male,Large,Minor Injury,170,Not Adopted,Yes,4.5,
ANI2040,Dog,Rottweiler,9.7,Female,Medium,Chronic Illness,123,Not Adopted,Yes,9.5,
ANI2041,Cat,Sphynx,1.2,Male,Medium,Healthy,176,Adopted,Yes,5.3,
ANI2042,Dog,Rottweiler,4.9,Female,Small,Minor Injury,44,Not Adopted,Yes,6.1,
ANI2043,Cat,British Shorthair,1.1,Female,Large,Healthy,82,Adopted,Yes,8.4,
ANI2044,Cat,Sphynx,2.3,Female,Large,Minor Injury,87,Adopted,Yes,3.5,
ANI2045,Cat,Ragdoll,11,Female,Medium,Minor Injury,16,Not Adopted,Yes,1.7,
ANI2046,Dog,Beagle,10.5,Male,Large,Healthy,54,Adopted,Yes,7.4,
ANI2047,Dog,German Shepherd,1.9,Female,Medium,Healthy,102,Adopted,Yes,5.3,
ANI2048,Cat,British Shorthair,8.4,Female,Medium,Minor Injury,163,Adopted,Yes,9.1,
ANI2049,Dog,Poodle,11,Male,Small,Healthy,98,Adopted,Yes,9.8,
ANI2050,Cat,British Shorthair,14.8,Male,Medium,Healthy,156,Adopted,Yes,4.6,
ANI2051,Dog,Beagle,6.5,Female,Medium,Minor Injury,2,Not Adopted,Yes,4.7,
ANI2052,Cat,Ragdoll,14,Female,Medium,Healthy,94,Not Adopted,Yes,4.7,
ANI2053,Cat,Ragdoll,9.6,Female,Medium,Minor Injury,141,Not Adopted,Yes,3.9,
ANI2054,Other,Rabbit,2,Female,Large,Healthy,169,Adopted,Yes,8,
ANI2055,Dog,Labrador Retriever,1.9,Female,Small,Healthy,59,Adopted,Yes,7.8,
ANI2056,Cat,Persian,3.8,Female,Medium,Minor Injury,69,Not Adopted,Yes,5.3,
ANI2057,Dog,Beagle,4.5,Male,Medium,Healthy,119,Not Adopted,No,1.4,
ANI2058,Dog,Bulldog,11.2,Male,Medium,Healthy,92,Not Adopted,Yes,3.8,
ANI2059,Cat,Siamese,14.5,Male,Medium,Minor Injury,45,Adopted,Yes,3.6,
ANI2060,Cat,Sphynx,8.1,Female,Small,Healthy,148,Not Adopted,Yes,8.3,
ANI2061,Other,Rabbit,5.2,Female,Small,Healthy,24,Not Adopted,Yes,1.8,
ANI2062,Cat,Ragdoll,5.1,Female,Medium,Healthy,91,Adopted,Yes,8.3,
ANI2063,Dog,Beagle,8.6,Male,Medium,Minor Injury,94,Not Adopted,Yes,7,
ANI2064,Dog,Poodle,9.7,Female,Small,Minor Injury,58,Adopted,Yes,7.6,
ANI2065,Cat,British Shorthair,4.7,Female,Medium,Minor Injury,155,Not Adopted,Yes,4.9,
ANI2066,Dog,Poodle,1,Female,Medium,Healthy,154,Adopted,Yes,7.1,
ANI2067,Dog,Poodle,7.7,Female,Medium,Minor Injury,128,Adopted,Yes,6.5,
ANI2068,Dog,Golden Retriever,7,Male,Large,Healthy,7,Not Adopted,Yes,7.9,
ANI2069,Dog,Bulldog,5.1,Female,Small,Healthy,170,Adopted,Yes,5,
ANI2070,Dog,German Shepherd,7.9,Male,Small,Healthy,47,Adopted,Yes,5.3,
ANI2071,Dog,German Shepherd,6.8,Male,Medium,Minor Injury,53,Adopted,Yes,6.8,
ANI2072,Dog,Labrador Retriever,3.4,Male,Medium,Minor Injury,38,Adopted,Yes,2,
ANI2073,Dog,Golden Retriever,5.1,Female,Medium,Healthy,53,Adopted,No,4.9,
ANI2074,Other,Hamster,4.6,Female,Large,Healthy,143,Adopted,No,9.7,
ANI2075,Dog,Bulldog,10.6,Female,Large,Minor Injury,154,Adopted,Yes,1.3,
ANI2076,Dog,Poodle,11.6,Female,Large,Healthy,48,Adopted,Yes,3.8,
ANI2077,Cat,British Shorthair,16.1,Female,Medium,Chronic Illness,95,Adopted,Yes,3.8,
ANI2078,Dog,Labrador Retriever,8.8,Female,Medium,Healthy,147,Adopted,Yes,6.7,
ANI2079,Cat,Bengal,10.7,Male,Medium,Healthy,137,Not Adopted,Yes,2,
ANI2080,Cat,Siamese,12.6,Male,Small,Healthy,64,Not Adopted,Yes,6.7,
ANI2081,Dog,Golden Retriever,11.3,Male,Medium,Healthy,93,Not Adopted,No,1.9,
ANI2082,Dog,Labrador Retriever,3.4,Male,Small,Chronic Illness,125,Not Adopted,Yes,1.9,
ANI2083,Cat,Siamese,9.9,Male,Large,Healthy,179,Adopted,Yes,7.6,
ANI2084,Cat,Sphynx,12.6,Male,Medium,Minor Injury,39,Not Adopted,Yes,3.9,
ANI2085,Dog,Labrador Retriever,8.3,Male,Medium,Healthy,4,Adopted,Yes,9.8,
ANI2086,Cat,Siamese,4.9,Female,Medium,Healthy,126,Not Adopted,Yes,1.3,
ANI2087,Dog,Beagle,7.2,Male,Small,Healthy,3,Adopted,Yes,5,
ANI2088,Other,Guinea Pig,8.1,Male,Small,Healthy,64,Not Adopted,Yes,2,
ANI2089,Dog,Golden Retriever,6,Male,Medium,Chronic Illness,29,Not Adopted,Yes,4.2,
ANI2090,Cat,Ragdoll,14.4,Female,Small,Healthy,116,Adopted,No,10,
ANI2091,Cat,Siamese,6.8,Male,Medium,Healthy,11,Adopted,Yes,9,
ANI2092,Cat,British Shorthair,16.9,Male,Large,Healthy,97,Adopted,Yes,1.4,
ANI2093,Dog,Bulldog,6.6,Female,Large,Healthy,102,Adopted,Yes,6.1,
ANI2094,Dog,Rottweiler,7.4,Male,Medium,Healthy,155,Adopted,Yes,6.8,
ANI2095,Dog,Rottweiler,0.9,Male,Small,Minor Injury,21,Adopted,Yes,2.9,
ANI2096,Dog,Rottweiler,2.5,Male,Large,Healthy,39,Adopted,No,2.3,
ANI2097,Dog,Poodle,7.8,Male,Large,Healthy,102,Adopted,Yes,9.1,
ANI2098,Cat,Bengal,7.8,Male,Small,Healthy,46,Adopted,No,9.7,
ANI2099,Dog,Beagle,6.3,Male,Medium,Chronic Illness,66,Not Adopted,Yes,9.9,
ANI2100,Dog,German Shepherd,1.2,Female,Small,Healthy,91,Not Adopted,Yes,8.1,
ANI2101,Other,Parrot,8.4,Female,Large,Healthy,164,Adopted,No,7,
ANI2102,Cat,Bengal,14.2,Female,Large,Healthy,111,Not Adopted,Yes,4.1,
ANI2103,Cat,Siamese,3.7,Male,Small,Healthy,82,Not Adopted,Yes,2.5,
ANI2104,Other,Turtle,6.5,Female,Large,Healthy,123,Adopted,Yes,1.7,
ANI2105,Dog,Poodle,9.9,Male,Medium,Healthy,99,Not Adopted,Yes,7.2,
ANI2106,Dog,German Shepherd,7.9,Male,Large,Minor Injury,35,Not Adopted,Yes,8.1,
ANI2107,Cat,Ragdoll,5.9,Female,Medium,Healthy,159,Adopted,No,8.4,
ANI2108,Cat,Persian,12,Male,Large,Minor Injury,156,Not Adopted,Yes,9.2,
ANI2109,Dog,German Shepherd,2.9,Male,Small,Healthy,103,Not Adopted,Yes,8.9,
ANI2110,Cat,Bengal,6.1,Female,Medium,Healthy,129,Adopted,No,10,
ANI2111,Dog,Labrador Retriever,3.3,Female,Small,Healthy,25,Adopted,Yes,3.2,
ANI2112,Dog,Poodle,6.9,Male,Large,Healthy,43,Adopted,Yes,7.9,
ANI2113,Dog,Poodle,1.7,Female,Large,Minor Injury,84,Adopted,Yes,6.3,
ANI2114,Cat,Bengal,16.8,Female,Large,Healthy,51,Adopted,Yes,3.4,
ANI2115,Cat,Persian,6.3,Male,Large,Healthy,130,Adopted,Yes,9.8,
ANI2116,Dog,Rottweiler,3,Male,Small,Healthy,126,Adopted,No,9.1,
ANI2117,Cat,Sphynx,9.2,Male,Medium,Chronic Illness,69,Not Adopted,Yes,2.2,
ANI2118,Dog,Golden Retriever,3.7,Male,Small,Healthy,9,Adopted,Yes,1.2,
ANI2119,Dog,Bulldog,6.7,Male,Small,Chronic Illness,2,Adopted,Yes,7.2,
ANI2120,Cat,Ragdoll,6.6,Female,Small,Healthy,162,Adopted,Yes,6.4,
ANI2121,Other,Hamster,1.8,Female,Medium,Healthy,159,Adopted,Yes,9.4,
ANI2122,Cat,Persian,5.2,Female,Small,Healthy,10,Adopted,Yes,3.1,
ANI2123,Cat,Sphynx,8.2,Male,Small,Healthy,114,Adopted,Yes,1.8,
ANI2124,Cat,Maine Coon,1,Female,Small,Healthy,76,Adopted,Yes,3.3,
ANI2125,Cat,Siamese,14,Female,Small,Healthy,164,Not Adopted,Yes,1.2,
ANI2126,Dog,Labrador Retriever,7.7,Female,Large,Chronic Illness,85,Not Adopted,Yes,1.3,
ANI2127,Dog,Beagle,7.4,Male,Medium,Minor Injury,49,Adopted,Yes,9.2,
ANI2128,Dog,Bulldog,6.8,Female,Large,Minor Injury,70,Not Adopted,Yes,4.2,
ANI2129,Dog,Beagle,7.3,Male,Medium,Healthy,177,Not Adopted,Yes,4.7,
ANI2130,Cat,Bengal,16.9,Male,Small,Healthy,131,Not Adopted,Yes,1.2,
ANI2131,Dog,Rottweiler,0.6,Male,Medium,Healthy,133,Adopted,Yes,3.4,
ANI2132,Dog,Labrador Retriever,1,Female,Medium,Minor Injury,90,Not Adopted,Yes,8.2,
ANI2133,Dog,Beagle,2.7,Female,Small,Chronic Illness,26,Adopted,Yes,6.5,
ANI2134,Cat,Maine Coon,3.4,Male,Small,Healthy,72,Adopted,Yes,7.8,
ANI2135,Dog,Beagle,2.6,Male,Small,Healthy,5,Adopted,Yes,5,
ANI2136,Cat,Persian,12.3,Male,Small,Healthy,15,Not Adopted,Yes,3.8,
ANI2137,Dog,German Shepherd,5.8,Male,Medium,Healthy,123,Not Adopted,Yes,5.3,
ANI2138,Dog,German Shepherd,11.9,Male,Medium,Healthy,144,Adopted,Yes,3.9,
ANI2139,Cat,Sphynx,4.5,Male,Small,Healthy,1,Adopted,No,8.6,
ANI2140,Cat,Sphynx,5.9,Female,Small,Minor Injury,144,Not Adopted,No,3.7,
ANI2141,Dog,Bulldog,11.8,Male,Large,Healthy,165,Adopted,Yes,6.9,
ANI2142,Cat,Persian,15.1,Male,Small,Healthy,3,Not Adopted,Yes,2.2,
ANI2143,Cat,Bengal,8.7,Male,Medium,Chronic Illness,47,Not Adopted,Yes,7.2,
ANI2144,Dog,Golden Retriever,6.9,Female,Large,Healthy,95,Adopted,Yes,9.2,
ANI2145,Cat,British Shorthair,15.3,Female,Small,Healthy,13,Not Adopted,Yes,6.5,
ANI2146,Cat,Siamese,8.9,Female,Small,Healthy,120,Adopted,Yes,6,
ANI2147,Cat,Ragdoll,4.1,Male,Medium,Healthy,55,Adopted,Yes,9.7,
ANI2148,Cat,Ragdoll,15,Female,Medium,Healthy,149,Not Adopted,Yes,6.6,
ANI2149,Cat,Persian,9.9,Male,Medium,Minor Injury,66,Not Adopted,No,3.3,
ANI2150,Cat,Persian,3.2,Female,Large,Healthy,155,Not Adopted,Yes,3.6,
ANI2151,Cat,Ragdoll,9.3,Female,Small,Healthy,166,Adopted,Yes,7.3,
ANI2152,Cat,Persian,7.7,Female,Medium,Healthy,90,Not Adopted,Yes,7.6,
ANI2153,Cat,Siamese,15.8,Female,Medium,Healthy,62,Adopted,Yes,3.7,
ANI2154,Cat,Maine Coon,2.7,Female,Small,Minor Injury,102,Adopted,Yes,4.1,
ANI2155,Cat,Maine Coon,15.8,Male,Medium,Minor Injury,174,Not Adopted,Yes,9.9,
ANI2156,Dog,Bulldog,6.4,Female,Small,Healthy,139,Not Adopted,Yes,1.9,
ANI2157,Cat,Siamese,7.6,Male,Medium,Minor Injury,8,Adopted,Yes,4.6,
ANI2158,Cat,British Shorthair,3.3,Female,Small,Healthy,97,Adopted,Yes,1.6,
ANI2159,Dog,Labrador Retriever,8.6,Male,Medium,Chronic Illness,117,Adopted,No,8.4,
ANI2160,Cat,Persian,16.7,Male,Medium,Healthy,64,Not Adopted,Yes,1.8,
ANI2161,Dog,Rottweiler,4.8,Male,Large,Chronic Illness,21,Not Adopted,Yes,7.1,
ANI2162,Dog,Bulldog,3.3,Male,Small,Minor Injury,115,Not Adopted,Yes,1.5,
ANI2163,Cat,Bengal,10.2,Male,Medium,Healthy,85,Adopted,Yes,7.1,
ANI2164,Dog,Labrador Retriever,9.7,Female,Medium,Healthy,20,Adopted,Yes,8.6,
ANI2165,Cat,Persian,0.6,Male,Medium,Chronic Illness,8,Adopted,Yes,4.6,
ANI2166,Cat,British Shorthair,11.5,Male,Medium,Minor Injury,58,Not Adopted,Yes,5.7,
ANI2167,Dog,German Shepherd,7.4,Female,Medium,Healthy,46,Adopted,Yes,4.6,
ANI2168,Dog,Rottweiler,4.2,Male,Medium,Minor Injury,31,Adopted,Yes,3.7,
ANI2169,Dog,Bulldog,5.7,Female,Large,Healthy,93,Adopted,Yes,8.2,
ANI2170,Cat,British Shorthair,4.8,Female,Medium,Healthy,9,Adopted,No,3.4,
ANI2171,Other,Hamster,8,Female,Medium,Healthy,15,Adopted,Yes,7.5,
ANI2172,Cat,Sphynx,11.6,Female,Large,Healthy,94,Not Adopted,Yes,2.9,
ANI2173,Dog,Labrador Retriever,6.6,Male,Large,Minor Injury,154,Not Adopted,Yes,3.2,
ANI2174,Cat,Ragdoll,7.4,Female,Large,Healthy,138,Adopted,No,4,
ANI2175,Dog,Rottweiler,3.9,Male,Medium,Minor Injury,29,Not Adopted,Yes,6.3,
ANI2176,Cat,Ragdoll,14.9,Male,Small,Healthy,80,Not Adopted,Yes,5.1,
ANI2177,Dog,Beagle,5.7,Female,Medium,Healthy,36,Adopted,Yes,7.7,
ANI2178,Cat,Persian,9.3,Male,Medium,Healthy,84,Adopted,Yes,2.9,
ANI2179,Dog,Bulldog,6.5,Female,Medium,Healthy,109,Not Adopted,Yes,1.1,
ANI2180,Other,Guinea Pig,4.8,Female,Medium,Healthy,118,Adopted,Yes,8,
ANI2181,Dog,Bulldog,3.4,Female,Large,Healthy,37,Adopted,No,8.4,
ANI2182,Cat,Ragdoll,2.6,Female,Medium,Healthy,86,Adopted,Yes,1.5,
ANI2183,Cat,Bengal,2.2,Male,Large,Healthy,71,Not Adopted,No,6.5,
ANI2184,Dog,Rottweiler,9.2,Male,Medium,Healthy,151,Not Adopted,Yes,4.4,
ANI2185,Cat,Ragdoll,4.4,Female,Medium,Healthy,169,Not Adopted,Yes,8.1,
ANI2186,Cat,Bengal,1.5,Male,Medium,Minor Injury,93,Not Adopted,No,8.9,
ANI2187,Dog,Beagle,9.7,Female,Medium,Chronic Illness,80,Not Adopted,Yes,8.7,
ANI2188,Dog,German Shepherd,2.3,Female,Small,Healthy,102,Adopted,Yes,8,
ANI2189,Cat,Bengal,11.4,Female,Small,Healthy,156,Not Adopted,Yes,3.4,
ANI2190,Dog,German Shepherd,4.4,Male,Large,Healthy,176,Adopted,Yes,8.3,
ANI2191,Cat,Siamese,2.7,Male,Small,Chronic Illness,166,Not Adopted,Yes,5.8,
ANI2192,Dog,Labrador Retriever,5.3,Male,Medium,Healthy,159,Not Adopted,Yes,1.5,
ANI2193,Cat,British Shorthair,0.8,Male,Medium,Healthy,14,Adopted,Yes,5.1,
ANI2194,Dog,Beagle,10.2,Female,Medium,Healthy,117,Not Adopted,Yes,9.5,
ANI2195,Cat,Siamese,9.5,Male,Medium,Healthy,73,Not Adopted,Yes,9,
ANI2196,Other,Parrot,1.8,Male,Small,Healthy,91,Adopted,Yes,1.9,
ANI2197,Other,Hamster,2.8,Male,Medium,Minor Injury,90,Not Adopted,Yes,7.7,
ANI2198,Cat,Bengal,8.3,Female,Medium,Healthy,29,Adopted,Yes,8.3,
ANI2199,Dog,German Shepherd,2.7,Female,Medium,Healthy,179,Adopted,Yes,3.4,
